#,Player Wins,Banker Wins,Ties,Avg Diff,Max Diff,Min Diff
22,27,26,7,7.625,23,2
22,25,31,4,12.2,31,1
22,29,28,3,15.25,54,1
22,29,25,6,8.714285714285714,25,1
22,29,28,3,15.25,43,2
22,27,26,7,7.625,28,1
22,32,26,2,20.333333333333332,54,2
22,28,28,4,12.2,17,2
22,27,28,5,10.166666666666666,18,1
22,28,25,7,7.625,20,2
