#,Player Wins,Banker Wins,Ties,Avg Diff,Max Diff,Min Diff
13,24,29,7,9.333333333333334,19,1
13,34,21,5,9.0,18,2
13,25,28,7,6.333333333333333,10,1
13,24,29,7,6.666666666666667,12,1
13,27,28,5,12.75,35,1
13,29,30,1,0,0,0
13,19,32,9,7.125,14,1
13,21,30,9,7.0,10,3
13,26,29,5,12.5,30,2
13,25,28,7,7.5,17,1
