#,Player Wins,Banker Wins,Ties,Avg Diff,Max Diff,Min Diff
42,22,34,4,9.0,23,1
42,29,28,3,12.0,12,12
42,25,31,4,15.666666666666666,23,3
42,31,26,3,19.5,34,5
42,23,31,6,9.6,17,1
42,25,26,9,5.875,11,1
42,25,30,5,10.25,31,2
42,21,30,9,6.125,18,1
42,27,28,5,7.25,15,4
42,21,31,8,8.142857142857142,21,1
