#,Player Wins,Banker Wins,Ties,Avg Diff,Max Diff,Min Diff
11,26,25,9,7.0,12,1
11,28,25,7,7.666666666666667,17,1
11,30,25,5,12.75,19,7
11,21,36,3,19.5,37,2
11,23,29,8,7.571428571428571,23,1
11,25,28,7,9.166666666666666,18,2
11,31,24,5,12.5,15,9
11,28,26,6,10.2,34,1
11,24,30,6,7.6,18,1
11,28,26,6,4.4,8,1
