#,Player Wins,Banker Wins,Ties,Avg Diff,Max Diff,Min Diff
8,22,35,3,17.5,29,6
8,30,28,2,42.0,42,42
8,31,28,1,0,0,0
8,29,27,4,13.0,28,4
8,24,28,8,4.571428571428571,15,1
8,33,23,4,8.666666666666666,20,1
8,25,26,9,7.0,14,2
8,26,29,5,13.0,19,9
8,31,23,6,9.8,16,4
8,28,27,5,9.25,24,2
