#,Player Wins,Banker Wins,Ties,Avg Diff,Max Diff,Min Diff
8,26,27,7,8.333333333333334,23,4
8,20,34,6,8.4,13,4
8,25,28,7,4.666666666666667,11,2
8,29,27,4,16.0,37,1
8,22,30,8,7.142857142857143,17,3
8,36,21,3,22.0,42,2
8,22,30,8,8.428571428571429,14,2
8,24,28,8,7.714285714285714,19,1
8,27,22,11,4.9,12,1
8,32,26,2,1.0,1,1
