#,Player Wins,Banker Wins,Ties,Avg Diff,Max Diff,Min Diff
8,27,30,3,15.25,25,2
8,19,38,3,15.25,27,1
8,28,22,10,5.545454545454546,17,1
8,31,24,5,10.166666666666666,28,3
8,36,23,1,30.5,38,23
8,28,25,7,7.625,22,1
8,29,27,4,12.2,22,3
8,29,21,10,5.545454545454546,17,1
8,33,22,5,10.166666666666666,28,2
8,29,26,5,10.166666666666666,18,4
