#,Player Wins,Banker Wins,Ties,Avg Diff,Max Diff,Min Diff
8,28,27,5,11.75,29,2
8,29,25,6,8.2,17,1
8,31,21,8,7.428571428571429,19,1
8,27,29,4,9.333333333333334,16,5
8,28,26,6,10.0,28,1
8,29,26,5,12.0,20,6
8,25,27,8,5.857142857142857,13,1
8,24,29,7,5.5,19,1
8,32,21,7,7.166666666666667,25,1
8,26,26,8,6.714285714285714,14,1
