#,Player Wins,Banker Wins,Ties,Avg Diff,Max Diff,Min Diff
42,27,28,5,7.25,14,2
42,29,28,3,17.0,28,6
42,29,23,8,6.142857142857143,24,2
42,25,32,3,16.0,28,4
42,25,31,4,17.333333333333332,41,1
42,31,24,5,10.25,19,2
42,26,22,12,5.0,13,1
42,29,26,5,11.25,27,2
42,29,24,7,8.666666666666666,20,1
42,28,27,5,9.5,19,5
