#,Player Wins,Banker Wins,Ties,Avg Diff,Max Diff,Min Diff
35,20,29,11,4.6,14,1
35,25,32,3,24.5,39,10
35,26,25,9,5.375,9,1
35,33,23,4,9.333333333333334,14,7
35,25,33,2,4.0,4,4
35,31,27,2,43.0,43,43
35,27,23,10,6.333333333333333,12,1
35,25,29,6,10.0,21,2
35,27,30,3,14.5,26,3
35,29,24,7,6.666666666666667,23,1
