#,Player Wins,Banker Wins,Ties,Avg Diff,Max Diff,Min Diff
18,23,32,5,10.166666666666666,31,1
18,23,32,5,10.166666666666666,27,1
18,29,25,6,8.714285714285714,28,1
18,34,21,5,10.166666666666666,28,1
18,26,30,4,12.2,24,1
18,17,36,7,7.625,17,3
18,23,29,8,6.777777777777778,16,2
18,30,23,7,7.625,27,1
18,24,29,7,7.625,15,1
18,22,32,6,8.714285714285714,18,3
