#,Player Wins,Banker Wins,Ties,Avg Diff,Max Diff,Min Diff
18,27,26,7,7.625,26,1
18,21,33,6,8.714285714285714,24,1
18,31,21,8,6.777777777777778,13,2
18,23,30,7,7.625,17,1
18,28,25,7,7.625,24,3
18,30,21,9,6.1,14,1
18,27,27,6,8.714285714285714,17,5
18,29,25,6,8.714285714285714,15,1
18,23,32,5,10.166666666666666,15,5
18,22,32,6,8.714285714285714,28,2
