#,Player Wins,Banker Wins,Ties,Avg Diff,Max Diff,Min Diff
32,26,32,2,20.0,20,20
32,24,32,4,16.666666666666668,30,1
32,31,24,5,13.25,21,5
32,20,34,6,9.8,16,5
32,22,31,7,3.0,5,1
32,31,26,3,19.0,32,6
32,27,26,7,8.166666666666666,17,1
32,29,25,6,10.6,18,3
32,29,25,6,6.2,11,2
32,24,26,10,4.888888888888889,13,1
