#,Player Wins,Banker Wins,Ties,Avg Diff,Max Diff,Min Diff
2,22,31,7,7.625,15,3
2,30,27,3,15.25,28,9
2,23,33,4,12.2,22,2
2,25,27,8,6.777777777777778,13,1
2,27,30,3,15.25,22,6
2,33,25,2,20.333333333333332,48,2
2,23,34,3,15.25,27,6
2,29,28,3,15.25,27,3
2,25,30,5,10.166666666666666,18,6
2,23,36,1,30.5,55,6
