#,Player Wins,Banker Wins,Ties,Avg Diff,Max Diff,Min Diff
25,29,22,9,6.1,13,1
25,27,31,2,20.333333333333332,41,5
25,27,31,2,20.333333333333332,43,4
25,24,26,10,5.545454545454546,15,1
25,25,30,5,10.166666666666666,32,1
25,23,34,3,15.25,26,5
25,27,28,5,10.166666666666666,22,2
25,23,35,2,20.333333333333332,46,7
25,30,24,6,8.714285714285714,24,1
25,31,24,5,10.166666666666666,27,1
