#,Player Wins,Banker Wins,Ties,Avg Diff,Max Diff,Min Diff
19,29,22,9,6.1,17,1
19,27,28,5,10.166666666666666,32,1
19,21,26,13,4.357142857142857,10,2
19,23,33,4,12.2,41,1
19,23,30,7,7.625,19,1
19,32,27,1,30.5,34,27
19,24,30,6,8.714285714285714,35,1
19,24,30,6,8.714285714285714,14,1
19,23,27,10,5.545454545454546,13,1
19,19,31,10,5.545454545454546,11,1
