#,Player Wins,Banker Wins,Ties,Avg Diff,Max Diff,Min Diff
21,22,35,3,25.0,26,24
21,23,32,5,6.25,10,2
21,30,23,7,8.166666666666666,23,1
21,26,29,5,6.5,11,3
21,22,34,4,10.333333333333334,13,7
21,24,29,7,9.166666666666666,23,3
21,25,30,5,11.25,21,7
21,33,23,4,16.333333333333332,37,4
21,23,34,3,4.5,7,2
21,29,26,5,12.75,16,10
