#,Player Wins,Banker Wins,Ties,Avg Diff,Max Diff,Min Diff
23,30,23,7,8.666666666666666,21,2
23,22,33,5,11.25,22,4
23,25,26,9,6.625,29,1
23,25,28,7,6.5,11,1
23,30,23,7,8.5,20,2
23,38,14,8,6.857142857142857,20,1
23,30,23,7,7.333333333333333,17,3
23,26,30,4,12.666666666666666,15,8
23,26,30,4,14.0,23,9
23,28,27,5,9.5,15,4
