#,Player Wins,Banker Wins,Ties,Avg Diff,Max Diff,Min Diff
31,30,25,5,10.166666666666666,20,1
31,25,24,11,5.083333333333333,16,1
31,28,27,5,10.166666666666666,22,4
31,31,20,9,6.1,16,2
31,39,17,4,12.2,23,2
31,28,27,5,10.166666666666666,16,4
31,29,24,7,7.625,22,2
31,30,26,4,12.2,23,5
31,22,30,8,6.777777777777778,17,3
31,23,32,5,10.166666666666666,23,1
