#,Player Wins,Banker Wins,Ties,Avg Diff,Max Diff,Min Diff
45,22,34,4,12.666666666666666,23,2
45,31,24,5,6.0,16,1
45,24,28,8,6.857142857142857,13,4
45,33,23,4,18.666666666666668,43,2
45,22,33,5,7.25,16,3
45,26,30,4,12.0,17,7
45,29,28,3,6.5,10,3
45,28,23,9,6.125,10,2
45,27,25,8,5.428571428571429,9,4
45,29,27,4,9.666666666666666,11,7
