#,Player Wins,Banker Wins,Ties,Avg Diff,Max Diff,Min Diff
12,28,29,3,15.25,31,6
12,27,30,3,15.25,25,10
12,21,33,6,8.714285714285714,25,1
12,26,30,4,12.2,27,1
12,20,35,5,10.166666666666666,17,2
12,20,33,7,7.625,19,2
12,19,38,3,15.25,25,2
12,31,23,6,8.714285714285714,19,1
12,28,29,3,15.25,28,2
12,28,26,6,8.714285714285714,24,3
