#,Player Wins,Banker Wins,Ties,Avg Diff,Max Diff,Min Diff
13,32,23,5,10.166666666666666,15,6
13,20,34,6,8.714285714285714,38,2
13,29,23,8,6.777777777777778,12,2
13,30,24,6,8.714285714285714,25,1
13,23,28,9,6.1,13,1
13,26,32,2,20.333333333333332,41,4
13,29,20,11,5.083333333333333,18,1
13,34,23,3,15.25,32,4
13,28,27,5,10.166666666666666,27,3
13,22,32,6,8.714285714285714,15,1
