#,Player Wins,Banker Wins,Ties,Avg Diff,Max Diff,Min Diff
50,25,27,8,6.571428571428571,18,1
50,30,25,5,7.75,18,1
50,28,27,5,11.5,37,1
50,17,36,7,7.166666666666667,17,1
50,28,28,4,12.666666666666666,16,7
50,30,23,7,9.0,21,1
50,21,32,7,4.666666666666667,11,1
50,29,27,4,10.0,18,5
50,21,31,8,6.714285714285714,21,2
50,29,28,3,6.0,11,1
