#,Player Wins,Banker Wins,Ties,Avg Diff,Max Diff,Min Diff
15,28,26,6,8.714285714285714,19,1
15,25,31,4,12.2,20,9
15,27,27,6,8.714285714285714,22,1
15,25,30,5,10.166666666666666,28,1
15,22,30,8,6.777777777777778,26,2
15,25,30,5,10.166666666666666,26,2
15,24,30,6,8.714285714285714,19,2
15,20,36,4,12.2,24,1
15,27,29,4,12.2,19,8
15,30,25,5,10.166666666666666,26,3
