#,Player Wins,Banker Wins,Ties,Avg Diff,Max Diff,Min Diff
31,18,37,5,7.75,12,5
31,25,27,8,7.857142857142857,13,1
31,34,21,5,5.75,8,2
31,33,20,7,8.333333333333334,20,1
31,28,30,2,37.0,37,37
31,25,28,7,8.666666666666666,18,3
31,23,30,7,9.333333333333334,16,1
31,29,26,5,8.0,11,2
31,23,33,4,6.333333333333333,9,3
31,25,30,5,10.5,17,5
