#,Player Wins,Banker Wins,Ties,Avg Diff,Max Diff,Min Diff
4,32,25,3,7.0,10,4
4,28,25,7,8.666666666666666,26,1
4,32,23,5,9.5,18,2
4,26,25,9,5.75,18,1
4,28,25,7,9.666666666666666,15,5
4,33,23,4,10.666666666666666,21,4
4,29,28,3,6.5,12,1
4,29,25,6,6.6,16,1
4,25,28,7,8.333333333333334,19,1
4,26,24,10,6.333333333333333,25,1
