#,Player Wins,Banker Wins,Ties,Avg Diff,Max Diff,Min Diff
10,27,27,6,8.714285714285714,28,1
10,28,28,4,12.2,19,6
10,26,29,5,10.166666666666666,37,1
10,32,23,5,10.166666666666666,16,6
10,23,29,8,6.777777777777778,26,1
10,28,24,8,6.777777777777778,14,1
10,23,27,10,5.545454545454546,14,2
10,32,21,7,7.625,22,1
10,28,28,4,12.2,30,1
10,25,26,9,6.1,20,1
