#,Player Wins,Banker Wins,Ties,Avg Diff,Max Diff,Min Diff
3,33,21,6,9.8,23,1
3,23,28,9,4.75,10,1
3,25,32,3,19.5,25,14
3,26,26,8,7.571428571428571,17,1
3,28,24,8,6.0,19,1
3,29,25,6,9.2,12,4
3,31,26,3,8.5,12,5
3,28,28,4,16.333333333333332,21,9
3,30,25,5,11.25,27,1
3,26,26,8,7.142857142857143,20,2
