#,Player Wins,Banker Wins,Ties,Avg Diff,Max Diff,Min Diff
35,26,27,7,7.625,15,1
35,31,22,7,7.625,20,1
35,30,29,1,30.5,51,10
35,31,23,6,8.714285714285714,17,1
35,36,23,1,30.5,53,8
35,26,27,7,7.625,19,1
35,25,28,7,7.625,14,3
35,25,29,6,8.714285714285714,17,1
35,25,31,4,12.2,21,5
35,30,24,6,8.714285714285714,20,2
