#,Player Wins,Banker Wins,Ties,Avg Diff,Max Diff,Min Diff
14,31,27,2,20.0,20,20
14,28,27,5,13.25,20,8
14,24,28,8,7.142857142857143,17,2
14,21,31,8,6.857142857142857,14,2
14,24,30,6,6.8,14,2
14,24,29,7,8.5,23,1
14,31,24,5,11.75,21,2
14,26,30,4,17.666666666666668,25,8
14,22,30,8,7.714285714285714,26,3
14,30,27,3,21.0,28,14
