#,Player Wins,Banker Wins,Ties,Avg Diff,Max Diff,Min Diff
31,23,30,7,8.833333333333334,24,1
31,26,31,3,13.5,25,2
31,26,27,7,8.166666666666666,22,2
31,27,25,8,7.428571428571429,19,1
31,35,22,3,25.0,26,24
31,22,32,6,10.8,25,1
31,27,31,2,3.0,3,3
31,28,26,6,8.4,15,1
31,25,31,4,12.666666666666666,22,3
31,25,29,6,8.4,23,1
