#,Player Wins,Banker Wins,Ties,Avg Diff,Max Diff,Min Diff
12,22,34,4,12.2,36,1
12,26,24,10,5.545454545454546,16,1
12,21,32,7,7.625,26,1
12,29,30,1,30.5,51,10
12,31,22,7,7.625,17,1
12,23,29,8,6.777777777777778,20,1
12,35,23,2,20.333333333333332,35,11
12,21,32,7,7.625,18,1
12,23,28,9,6.1,12,1
12,30,22,8,6.777777777777778,16,1
