#,Player Wins,Banker Wins,Ties,Avg Diff,Max Diff,Min Diff
29,22,30,8,7.285714285714286,34,1
29,33,22,5,12.25,19,10
29,30,22,8,5.142857142857143,8,3
29,26,30,4,19.333333333333332,33,8
29,20,36,4,7.666666666666667,13,4
29,30,26,4,5.0,8,1
29,26,27,7,7.666666666666667,19,1
29,32,24,4,13.333333333333334,19,5
29,21,31,8,7.285714285714286,18,1
29,24,29,7,9.333333333333334,14,6
