#,Player Wins,Banker Wins,Ties,Avg Diff,Max Diff,Min Diff
11,29,26,5,10.166666666666666,26,2
11,22,33,5,10.166666666666666,22,2
11,27,29,4,12.2,21,8
11,22,33,5,10.166666666666666,27,1
11,25,27,8,6.777777777777778,18,1
11,25,33,2,20.333333333333332,27,14
11,29,26,5,10.166666666666666,24,1
11,29,24,7,7.625,31,1
11,24,30,6,8.714285714285714,26,4
11,26,27,7,7.625,18,3
