#,Player Wins,Banker Wins,Ties,Avg Diff,Max Diff,Min Diff
18,28,22,10,5.545454545454546,17,1
18,33,20,7,7.625,16,2
18,22,35,3,15.25,23,7
18,29,24,7,7.625,29,1
18,21,32,7,7.625,27,2
18,21,29,10,5.545454545454546,15,1
18,25,30,5,10.166666666666666,29,4
18,24,35,1,30.5,37,24
18,25,26,9,6.1,18,1
18,20,32,8,6.777777777777778,25,2
