#,Player Wins,Banker Wins,Ties,Avg Diff,Max Diff,Min Diff
35,32,24,4,8.333333333333334,21,1
35,26,26,8,7.285714285714286,13,1
35,27,30,3,18.0,21,15
35,24,28,8,7.0,15,1
35,28,27,5,11.0,25,4
35,24,29,7,9.666666666666666,30,3
35,20,36,4,14.0,16,12
35,29,25,6,10.0,19,6
35,23,34,3,8.0,9,7
35,25,28,7,5.166666666666667,11,1
