#,Player Wins,Banker Wins,Ties,Avg Diff,Max Diff,Min Diff
20,28,26,6,6.0,12,2
20,31,23,6,7.6,20,2
20,28,22,10,5.111111111111111,18,1
20,33,21,6,5.6,11,1
20,23,28,9,5.75,12,1
20,26,29,5,11.5,13,9
20,21,27,12,4.363636363636363,10,1
20,24,32,4,18.333333333333332,35,1
20,25,28,7,8.666666666666666,18,1
20,25,28,7,9.0,24,1
