#,Player Wins,Banker Wins,Ties,Avg Diff,Max Diff,Min Diff
47,28,27,5,9.5,12,8
47,32,22,6,10.4,17,3
47,22,30,8,6.714285714285714,13,1
47,25,28,7,9.166666666666666,26,3
47,21,36,3,15.5,17,14
47,31,27,2,38.0,38,38
47,31,22,7,6.833333333333333,12,3
47,21,36,3,25.5,50,1
47,26,31,3,7.0,9,5
47,25,27,8,7.285714285714286,17,3
