#,Player Wins,Banker Wins,Ties,Avg Diff,Max Diff,Min Diff
25,25,29,6,8.714285714285714,20,1
25,32,22,6,8.714285714285714,19,2
25,24,28,8,6.777777777777778,23,2
25,23,30,7,7.625,29,1
25,24,26,10,5.545454545454546,23,1
25,24,26,10,5.545454545454546,27,1
25,30,27,3,15.25,47,2
25,33,22,5,10.166666666666666,28,1
25,33,23,4,12.2,27,3
25,28,27,5,10.166666666666666,25,1
