#,Player Wins,Banker Wins,Ties,Avg Diff,Max Diff,Min Diff
46,24,27,9,6.375,10,2
46,27,29,4,4.666666666666667,6,4
46,27,25,8,7.714285714285714,14,1
46,26,29,5,11.5,18,7
46,32,23,5,8.5,17,1
46,23,31,6,10.2,34,2
46,23,29,8,7.0,23,1
46,24,33,3,20.0,36,4
46,24,30,6,8.8,26,1
46,30,26,4,14.0,31,2
