#,Player Wins,Banker Wins,Ties,Avg Diff,Max Diff,Min Diff
27,30,25,5,10.166666666666666,29,3
27,32,24,4,12.2,32,1
27,26,25,9,6.1,19,1
27,28,27,5,10.166666666666666,25,3
27,30,29,1,30.5,57,4
27,23,32,5,10.166666666666666,27,1
27,21,34,5,10.166666666666666,21,3
27,31,24,5,10.166666666666666,19,2
27,30,28,2,20.333333333333332,32,13
27,31,24,5,10.166666666666666,29,2
