#,Player Wins,Banker Wins,Ties,Avg Diff,Max Diff,Min Diff
22,26,29,5,10.166666666666666,16,2
22,26,30,4,12.2,25,4
22,28,28,4,12.2,23,5
22,28,28,4,12.2,32,2
22,22,28,10,5.545454545454546,18,1
22,25,28,7,7.625,22,1
22,28,29,3,15.25,26,1
22,29,24,7,7.625,22,1
22,30,23,7,7.625,17,1
22,32,21,7,7.625,27,1
