#,Player Wins,Banker Wins,Ties,Avg Diff,Max Diff,Min Diff
31,26,29,5,10.166666666666666,29,2
31,28,26,6,8.714285714285714,18,3
31,18,33,9,6.1,13,1
31,21,29,10,5.545454545454546,13,1
31,29,27,4,12.2,23,1
31,29,26,5,10.166666666666666,19,5
31,22,29,9,6.1,17,1
31,23,30,7,7.625,14,2
31,25,32,3,15.25,35,4
31,32,20,8,6.777777777777778,21,1
