#,Player Wins,Banker Wins,Ties,Avg Diff,Max Diff,Min Diff
4,19,35,6,5.6,16,2
4,28,30,2,5.0,5,5
4,24,33,3,17.5,21,14
4,29,26,5,7.75,19,2
4,27,31,2,30.0,30,30
4,26,27,7,7.666666666666667,16,3
4,31,26,3,10.5,17,4
4,27,27,6,10.2,19,3
4,30,27,3,5.0,9,1
4,32,21,7,8.833333333333334,18,1
