#,Player Wins,Banker Wins,Ties,Avg Diff,Max Diff,Min Diff
2,22,35,3,22.5,36,9
2,23,28,9,4.5,14,1
2,23,32,5,12.75,29,3
2,28,25,7,6.833333333333333,16,1
2,29,29,2,2.0,2,2
2,28,29,3,11.0,15,7
2,31,21,8,7.857142857142857,21,2
2,20,31,9,5.875,20,1
2,35,22,3,15.5,27,4
2,38,18,4,15.0,25,5
