#,Player Wins,Banker Wins,Ties,Avg Diff,Max Diff,Min Diff
5,27,32,1,30.5,32,29
5,27,28,5,10.166666666666666,25,2
5,26,31,3,15.25,29,1
5,23,31,6,8.714285714285714,22,2
5,29,24,7,7.625,20,1
5,28,30,2,20.333333333333332,26,12
5,27,30,3,15.25,33,4
5,31,27,2,20.333333333333332,34,9
5,18,32,10,5.545454545454546,14,1
5,28,24,8,6.777777777777778,16,1
