#,Player Wins,Banker Wins,Ties,Avg Diff,Max Diff,Min Diff
32,21,33,6,6.8,15,1
32,25,26,9,7.0,17,1
32,21,35,4,12.666666666666666,23,3
32,27,27,6,11.0,20,1
32,31,26,3,7.0,8,6
32,26,28,6,10.2,14,6
32,25,31,4,10.333333333333334,20,1
32,30,22,8,7.571428571428571,19,2
32,23,32,5,13.25,37,4
32,25,28,7,8.0,26,3
