#,Player Wins,Banker Wins,Ties,Avg Diff,Max Diff,Min Diff
15,23,32,5,10.166666666666666,26,1
15,26,27,7,7.625,17,1
15,31,25,4,12.2,33,3
15,29,23,8,6.777777777777778,15,2
15,28,27,5,10.166666666666666,17,4
15,29,19,12,4.6923076923076925,14,1
15,33,19,8,6.777777777777778,19,2
15,27,26,7,7.625,16,3
15,28,22,10,5.545454545454546,15,1
15,19,36,5,10.166666666666666,24,2
