#,Player Wins,Banker Wins,Ties,Avg Diff,Max Diff,Min Diff
44,30,25,5,12.25,25,4
44,31,24,5,14.0,34,4
44,29,27,4,9.333333333333334,16,1
44,27,29,4,11.333333333333334,19,1
44,28,28,4,15.333333333333334,21,8
44,31,23,6,11.2,28,1
44,25,28,7,7.5,11,4
44,34,22,4,18.333333333333332,27,10
44,26,31,3,3.5,6,1
44,24,23,13,4.416666666666667,10,1
