#,Player Wins,Banker Wins,Ties,Avg Diff,Max Diff,Min Diff
9,29,26,5,10.166666666666666,29,2
9,31,26,3,15.25,40,7
9,24,28,8,6.777777777777778,16,2
9,24,33,3,15.25,43,5
9,29,27,4,12.2,23,3
9,28,24,8,6.777777777777778,17,1
9,22,36,2,20.333333333333332,42,4
9,18,36,6,8.714285714285714,19,2
9,21,29,10,5.545454545454546,13,1
9,25,31,4,12.2,19,6
