#,Player Wins,Banker Wins,Ties,Avg Diff,Max Diff,Min Diff
28,23,29,8,6.777777777777778,14,2
28,26,30,4,12.2,46,1
28,25,31,4,12.2,38,1
28,24,31,5,10.166666666666666,32,1
28,30,27,3,15.25,28,6
28,24,28,8,6.777777777777778,25,1
28,24,30,6,8.714285714285714,13,3
28,32,24,4,12.2,25,1
28,28,25,7,7.625,16,1
28,22,31,7,7.625,23,1
