#,Player Wins,Banker Wins,Ties,Avg Diff,Max Diff,Min Diff
28,27,30,3,22.5,32,13
28,29,26,5,12.5,28,1
28,34,20,6,9.8,26,1
28,22,28,10,5.888888888888889,16,1
28,26,32,2,30.0,30,30
28,32,23,5,5.25,9,1
28,25,30,5,12.0,30,5
28,36,19,5,12.0,19,1
28,26,27,7,8.666666666666666,29,1
28,27,29,4,15.0,22,2
