#,Player Wins,Banker Wins,Ties,Avg Diff,Max Diff,Min Diff
42,31,24,5,10.166666666666666,14,2
42,24,29,7,7.625,21,1
42,19,34,7,7.625,16,2
42,27,29,4,12.2,22,3
42,30,25,5,10.166666666666666,33,2
42,25,29,6,8.714285714285714,21,2
42,27,28,5,10.166666666666666,16,4
42,30,25,5,10.166666666666666,27,3
42,27,28,5,10.166666666666666,25,3
42,28,25,7,7.625,18,1
