#,Player Wins,Banker Wins,Ties,Avg Diff,Max Diff,Min Diff
31,27,29,4,12.2,37,3
31,26,26,8,6.777777777777778,21,2
31,17,34,9,6.1,14,2
31,25,27,8,6.777777777777778,11,3
31,28,23,9,6.1,23,1
31,28,24,8,6.777777777777778,16,1
31,24,30,6,8.714285714285714,16,1
31,25,32,3,15.25,26,3
31,29,29,2,20.333333333333332,50,5
31,32,24,4,12.2,28,2
