#,Player Wins,Banker Wins,Ties,Avg Diff,Max Diff,Min Diff
20,24,29,7,7.625,20,1
20,26,29,5,10.166666666666666,25,5
20,27,28,5,10.166666666666666,32,1
20,29,27,4,12.2,28,2
20,32,25,3,15.25,31,2
20,30,24,6,8.714285714285714,33,1
20,21,28,11,5.083333333333333,14,1
20,24,30,6,8.714285714285714,19,1
20,24,29,7,7.625,23,1
20,28,23,9,6.1,13,1
