#,Player Wins,Banker Wins,Ties,Avg Diff,Max Diff,Min Diff
41,20,28,12,4.6923076923076925,12,1
41,26,29,5,10.166666666666666,32,1
41,19,34,7,7.625,17,4
41,15,39,6,8.714285714285714,17,3
41,23,28,9,6.1,13,1
41,25,32,3,15.25,22,1
41,18,40,2,20.333333333333332,30,2
41,25,28,7,7.625,20,2
41,20,33,7,7.625,23,1
41,22,33,5,10.166666666666666,26,4
