#,Player Wins,Banker Wins,Ties,Avg Diff,Max Diff,Min Diff
27,34,24,2,20.333333333333332,42,2
27,27,27,6,8.714285714285714,26,3
27,21,33,6,8.714285714285714,25,2
27,32,24,4,12.2,26,2
27,27,29,4,12.2,25,1
27,35,22,3,15.25,31,4
27,31,24,5,10.166666666666666,26,1
27,21,33,6,8.714285714285714,29,1
27,26,29,5,10.166666666666666,24,3
27,26,29,5,10.166666666666666,20,3
