#,Player Wins,Banker Wins,Ties,Avg Diff,Max Diff,Min Diff
43,27,28,5,3.5,8,1
43,22,34,4,13.333333333333334,21,7
43,28,26,6,11.2,23,3
43,31,26,3,16.0,31,1
43,28,27,5,8.25,15,3
43,25,29,6,9.0,21,1
43,25,32,3,14.0,26,2
43,27,27,6,7.6,18,1
43,25,29,6,9.8,19,2
43,29,27,4,11.666666666666666,21,6
