#,Player Wins,Banker Wins,Ties,Avg Diff,Max Diff,Min Diff
14,29,26,5,10.166666666666666,25,1
14,32,24,4,12.2,23,5
14,24,28,8,6.777777777777778,21,1
14,24,27,9,6.1,17,1
14,31,26,3,15.25,33,1
14,32,23,5,10.166666666666666,33,1
14,26,27,7,7.625,19,2
14,29,27,4,12.2,18,7
14,22,31,7,7.625,22,1
14,31,25,4,12.2,32,1
