#,Player Wins,Banker Wins,Ties,Avg Diff,Max Diff,Min Diff
32,25,28,7,6.0,11,1
32,20,35,5,8.25,20,1
32,23,33,4,16.0,26,8
32,25,31,4,10.0,18,3
32,27,25,8,8.142857142857142,17,2
32,25,27,8,5.285714285714286,8,2
32,28,23,9,6.25,18,1
32,27,31,2,14.0,14,14
32,28,29,3,27.5,34,21
32,26,33,1,0,0,0
