#,Player Wins,Banker Wins,Ties,Avg Diff,Max Diff,Min Diff
45,26,26,8,6.285714285714286,19,1
45,26,29,5,14.0,35,1
45,32,25,3,15.0,23,7
45,20,33,7,7.833333333333333,14,1
45,22,33,5,11.75,17,8
45,24,34,2,22.0,22,22
45,28,25,7,6.5,13,1
45,27,25,8,6.714285714285714,13,1
45,29,30,1,0,0,0
45,20,31,9,6.375,24,1
