#,Player Wins,Banker Wins,Ties,Avg Diff,Max Diff,Min Diff
48,29,21,10,5.545454545454546,14,1
48,32,24,4,12.2,32,3
48,33,23,4,12.2,23,7
48,25,25,10,5.545454545454546,11,1
48,35,22,3,15.25,36,6
48,34,20,6,8.714285714285714,20,1
48,26,24,10,5.545454545454546,27,1
48,29,26,5,10.166666666666666,22,4
48,30,23,7,7.625,17,2
48,23,27,10,5.545454545454546,19,1
