#,Player Wins,Banker Wins,Ties,Avg Diff,Max Diff,Min Diff
6,29,23,8,6.777777777777778,28,1
6,37,21,2,20.333333333333332,45,1
6,31,21,8,6.777777777777778,21,1
6,27,30,3,15.25,32,2
6,22,28,10,5.545454545454546,11,1
6,23,31,6,8.714285714285714,21,4
6,32,24,4,12.2,40,4
6,29,25,6,8.714285714285714,13,2
6,21,30,9,6.1,20,1
6,16,37,7,7.625,21,1
