#,Player Wins,Banker Wins,Ties,Avg Diff,Max Diff,Min Diff
41,26,29,5,12.0,16,7
41,28,27,5,13.0,20,6
41,24,29,7,7.666666666666667,14,1
41,22,35,3,14.5,17,12
41,31,26,3,18.5,27,10
41,31,19,10,5.444444444444445,10,1
41,26,29,5,11.5,21,2
41,25,28,7,6.5,11,1
41,36,19,5,10.25,23,4
41,32,25,3,13.5,15,12
