#,Player Wins,Banker Wins,Ties,Avg Diff,Max Diff,Min Diff
1,29,29,2,34.0,34,34
1,22,31,7,8.166666666666666,18,5
1,26,31,3,16.0,23,9
1,30,25,5,6.25,13,1
1,24,31,5,7.0,15,3
1,29,23,8,6.857142857142857,21,1
1,29,24,7,5.5,9,2
1,33,23,4,10.0,19,1
1,29,26,5,12.0,21,4
1,26,28,6,9.8,15,3
