#,Player Wins,Banker Wins,Ties,Avg Diff,Max Diff,Min Diff
36,25,28,7,9.666666666666666,17,2
36,30,27,3,12.5,19,6
36,28,26,6,10.6,26,2
36,24,34,2,21.0,21,21
36,27,25,8,7.285714285714286,18,2
36,29,29,2,40.0,40,40
36,27,28,5,11.25,28,3
36,31,23,6,9.8,16,1
36,34,24,2,39.0,39,39
36,28,25,7,6.0,8,3
