#,Player Wins,Banker Wins,Ties,Avg Diff,Max Diff,Min Diff
35,26,27,7,5.0,9,2
35,28,26,6,11.0,22,2
35,25,31,4,16.0,25,8
35,26,31,3,21.0,30,12
35,32,24,4,14.0,16,10
35,30,22,8,6.571428571428571,16,1
35,22,32,6,10.2,25,5
35,30,26,4,6.333333333333333,14,1
35,23,31,6,7.0,21,1
35,34,24,2,1.0,1,1
