#,Player Wins,Banker Wins,Ties,Avg Diff,Max Diff,Min Diff
12,32,24,4,12.666666666666666,22,1
12,24,32,4,12.666666666666666,22,2
12,28,28,4,14.333333333333334,25,7
12,20,38,2,7.0,7,7
12,24,31,5,9.5,16,4
12,24,29,7,6.833333333333333,13,1
12,26,28,6,9.6,25,4
12,31,27,2,35.0,35,35
12,23,31,6,8.2,14,3
12,28,26,6,9.6,18,2
