#,Player Wins,Banker Wins,Ties,Avg Diff,Max Diff,Min Diff
22,19,32,9,6.125,14,1
22,27,29,4,10.666666666666666,24,3
22,22,27,11,5.2,15,1
22,24,30,6,9.4,18,2
22,25,23,12,4.545454545454546,10,1
22,27,26,7,7.333333333333333,11,6
22,26,30,4,5.0,7,2
22,28,25,7,9.666666666666666,24,1
22,26,28,6,11.2,30,1
22,30,26,4,6.0,11,3
