#,Player Wins,Banker Wins,Ties,Avg Diff,Max Diff,Min Diff
21,34,22,4,12.2,30,2
21,22,29,9,6.1,13,1
21,31,24,5,10.166666666666666,22,5
21,27,27,6,8.714285714285714,22,1
21,28,27,5,10.166666666666666,17,4
21,25,26,9,6.1,25,1
21,23,32,5,10.166666666666666,24,1
21,22,33,5,10.166666666666666,26,2
21,27,30,3,15.25,33,1
21,27,30,3,15.25,23,6
