#,Player Wins,Banker Wins,Ties,Avg Diff,Max Diff,Min Diff
47,24,32,4,17.333333333333332,27,1
47,26,31,3,19.5,34,5
47,29,27,4,13.333333333333334,18,6
47,26,30,4,12.666666666666666,19,7
47,18,36,6,8.0,25,3
47,28,23,9,5.5,15,1
47,29,24,7,8.166666666666666,22,2
47,27,30,3,18.5,21,16
47,32,23,5,12.75,19,1
47,29,25,6,10.0,26,3
