#,Player Wins,Banker Wins,Ties,Avg Diff,Max Diff,Min Diff
34,33,22,5,9.5,17,2
34,29,27,4,11.333333333333334,18,7
34,29,27,4,8.333333333333334,14,3
34,29,25,6,8.6,18,2
34,27,26,7,9.5,32,1
34,34,22,4,15.666666666666666,22,7
34,28,27,5,8.25,22,2
34,28,24,8,8.285714285714286,25,2
34,25,27,8,6.857142857142857,16,1
34,21,31,8,7.571428571428571,21,1
