#,Player Wins,Banker Wins,Ties,Avg Diff,Max Diff,Min Diff
46,23,27,10,5.545454545454546,16,1
46,27,27,6,8.714285714285714,23,1
46,26,27,7,7.625,29,1
46,27,30,3,15.25,31,3
46,24,29,7,7.625,18,3
46,21,31,8,6.777777777777778,19,1
46,22,32,6,8.714285714285714,16,1
46,28,27,5,10.166666666666666,23,2
46,30,27,3,15.25,25,2
46,29,28,3,15.25,44,4
