#,Player Wins,Banker Wins,Ties,Avg Diff,Max Diff,Min Diff
29,23,32,5,10.166666666666666,20,1
29,27,27,6,8.714285714285714,21,1
29,26,21,13,4.357142857142857,15,1
29,30,26,4,12.2,22,6
29,21,33,6,8.714285714285714,24,1
29,28,28,4,12.2,32,5
29,27,25,8,6.777777777777778,16,1
29,25,31,4,12.2,28,3
29,24,28,8,6.777777777777778,14,1
29,28,27,5,10.166666666666666,27,1
