#,Player Wins,Banker Wins,Ties,Avg Diff,Max Diff,Min Diff
45,25,29,6,8.714285714285714,20,1
45,29,28,3,15.25,28,1
45,24,21,15,3.8125,10,1
45,26,29,5,10.166666666666666,16,3
45,29,28,3,15.25,36,1
45,30,26,4,12.2,26,1
45,29,22,9,6.1,21,3
45,27,27,6,8.714285714285714,20,2
45,28,26,6,8.714285714285714,21,2
45,26,21,13,4.357142857142857,21,1
