#,Player Wins,Banker Wins,Ties,Avg Diff,Max Diff,Min Diff
26,30,23,7,8.833333333333334,25,2
26,30,23,7,7.5,28,2
26,33,23,4,17.333333333333332,27,2
26,24,28,8,3.7142857142857144,7,1
26,35,22,3,6.5,10,3
26,33,22,5,9.5,20,2
26,28,25,7,5.833333333333333,11,1
26,26,32,2,11.0,11,11
26,26,27,7,6.0,21,1
26,33,23,4,18.666666666666668,40,6
