#,Player Wins,Banker Wins,Ties,Avg Diff,Max Diff,Min Diff
14,25,33,2,27.0,27,27
14,34,21,5,6.5,10,1
14,28,29,3,19.5,35,4
14,30,20,10,5.666666666666667,12,1
14,25,30,5,12.25,14,9
14,29,27,4,9.666666666666666,17,4
14,29,25,6,8.2,12,1
14,22,29,9,6.625,21,2
14,22,30,8,6.285714285714286,24,1
14,35,22,3,11.0,12,10
