#,Player Wins,Banker Wins,Ties,Avg Diff,Max Diff,Min Diff
1,25,28,7,7.625,20,1
1,25,27,8,6.777777777777778,20,1
1,27,28,5,10.166666666666666,26,1
1,25,27,8,6.777777777777778,16,1
1,30,24,6,8.714285714285714,12,5
1,29,24,7,7.625,21,1
1,32,23,5,10.166666666666666,15,4
1,33,24,3,15.25,46,2
1,27,29,4,12.2,25,3
1,28,27,5,10.166666666666666,33,1
