#,Player Wins,Banker Wins,Ties,Avg Diff,Max Diff,Min Diff
9,27,27,6,8.714285714285714,20,1
9,30,26,4,12.2,16,6
9,27,26,7,7.625,33,1
9,26,31,3,15.25,31,5
9,25,29,6,8.714285714285714,26,1
9,22,34,4,12.2,27,5
9,27,28,5,10.166666666666666,18,1
9,26,31,3,15.25,20,8
9,31,28,1,30.5,48,13
9,26,26,8,6.777777777777778,19,1
