#,Player Wins,Banker Wins,Ties,Avg Diff,Max Diff,Min Diff
38,30,26,4,4.0,8,2
38,30,26,4,19.666666666666668,41,1
38,19,31,10,6.111111111111111,12,1
38,31,24,5,6.75,9,3
38,29,27,4,11.333333333333334,14,6
38,20,34,6,3.4,9,1
38,24,29,7,9.333333333333334,23,1
38,33,22,5,12.75,22,6
38,27,31,2,4.0,4,4
38,33,23,4,13.333333333333334,16,10
