#,Player Wins,Banker Wins,Ties,Avg Diff,Max Diff,Min Diff
27,28,25,7,5.333333333333333,14,1
27,34,23,3,24.0,38,10
27,23,29,8,6.142857142857143,16,1
27,25,32,3,8.0,14,2
27,24,29,7,8.166666666666666,24,2
27,30,24,6,10.6,15,6
27,29,26,5,13.25,17,10
27,22,30,8,7.714285714285714,19,1
27,28,24,8,5.857142857142857,17,1
27,24,24,12,4.545454545454546,17,1
