#,Player Wins,Banker Wins,Ties,Avg Diff,Max Diff,Min Diff
6,28,29,3,24.5,36,13
6,24,26,10,6.555555555555555,20,1
6,17,36,7,8.833333333333334,24,1
6,29,25,6,11.0,29,1
6,23,30,7,9.5,31,2
6,21,33,6,9.6,21,1
6,35,23,2,50.0,50,50
6,32,23,5,10.0,27,2
6,22,29,9,6.875,16,2
6,24,25,11,4.9,15,1
