#,Player Wins,Banker Wins,Ties,Avg Diff,Max Diff,Min Diff
26,24,31,5,10.166666666666666,27,3
26,28,26,6,8.714285714285714,22,2
26,27,27,6,8.714285714285714,23,2
26,34,22,4,12.2,24,7
26,30,24,6,8.714285714285714,25,1
26,23,31,6,8.714285714285714,18,3
26,19,30,11,5.083333333333333,16,2
26,28,28,4,12.2,18,10
26,26,33,1,30.5,50,11
26,23,32,5,10.166666666666666,30,1
