#,Player Wins,Banker Wins,Ties,Avg Diff,Max Diff,Min Diff
38,28,28,4,13.333333333333334,14,12
38,22,33,5,10.25,18,2
38,35,22,3,20.0,31,9
38,33,20,7,8.0,27,1
38,30,26,4,8.333333333333334,17,2
38,24,30,6,8.2,18,1
38,22,29,9,6.5,16,1
38,24,27,9,5.0,12,1
38,31,26,3,9.0,12,6
38,29,23,8,8.0,18,1
