#,Player Wins,Banker Wins,Ties,Avg Diff,Max Diff,Min Diff
5,28,23,9,7.125,15,1
5,27,25,8,7.714285714285714,25,1
5,26,26,8,7.428571428571429,18,1
5,25,30,5,11.0,19,2
5,25,26,9,5.875,22,1
5,23,33,4,10.666666666666666,14,7
5,24,25,11,4.2,11,1
5,26,26,8,7.142857142857143,12,3
5,27,25,8,5.857142857142857,11,1
5,26,28,6,10.8,31,1
