#,Player Wins,Banker Wins,Ties,Avg Diff,Max Diff,Min Diff
13,31,24,5,10.0,18,5
13,27,26,7,4.166666666666667,7,2
13,28,29,3,8.0,11,5
13,26,29,5,13.0,30,4
13,30,26,4,12.666666666666666,35,1
13,24,26,10,5.111111111111111,14,1
13,23,29,8,6.428571428571429,16,1
13,30,21,9,6.5,14,1
13,27,32,1,0,0,0
13,33,22,5,12.25,31,3
