#,Player Wins,Banker Wins,Ties,Avg Diff,Max Diff,Min Diff
31,23,32,5,10.166666666666666,20,1
31,27,29,4,12.2,24,3
31,31,22,7,7.625,20,1
31,32,23,5,10.166666666666666,25,1
31,23,30,7,7.625,19,1
31,29,25,6,8.714285714285714,19,3
31,27,31,2,20.333333333333332,37,3
31,31,24,5,10.166666666666666,26,1
31,27,27,6,8.714285714285714,19,4
31,31,28,1,30.5,53,8
