#,Player Wins,Banker Wins,Ties,Avg Diff,Max Diff,Min Diff
33,32,24,4,12.2,34,1
33,29,25,6,8.714285714285714,22,2
33,32,26,2,20.333333333333332,44,8
33,26,29,5,10.166666666666666,30,2
33,23,29,8,6.777777777777778,14,1
33,22,27,11,5.083333333333333,10,1
33,26,27,7,7.625,21,1
33,32,25,3,15.25,22,7
33,25,30,5,10.166666666666666,33,1
33,27,26,7,7.625,15,1
