#,Player Wins,Banker Wins,Ties,Avg Diff,Max Diff,Min Diff
3,29,26,5,9.0,11,5
3,28,27,5,12.0,40,1
3,26,27,7,8.166666666666666,19,2
3,26,29,5,5.5,10,2
3,28,28,4,17.333333333333332,28,6
3,26,25,9,7.125,15,2
3,30,23,7,8.666666666666666,26,2
3,29,29,2,24.0,24,24
3,26,26,8,5.714285714285714,9,2
3,23,33,4,19.333333333333332,47,1
