#,Player Wins,Banker Wins,Ties,Avg Diff,Max Diff,Min Diff
46,31,24,5,9.75,14,4
46,29,25,6,3.6,8,1
46,25,27,8,6.428571428571429,16,1
46,26,31,3,13.5,22,5
46,29,23,8,7.0,26,1
46,22,32,6,10.6,33,2
46,29,24,7,7.833333333333333,18,3
46,35,25,0,0,0,0
46,21,35,4,13.333333333333334,17,6
46,29,25,6,7.2,15,1
