#,Player Wins,Banker Wins,Ties,Avg Diff,Max Diff,Min Diff
13,28,24,8,6.777777777777778,18,1
13,25,28,7,7.625,33,1
13,23,31,6,8.714285714285714,18,2
13,28,24,8,6.777777777777778,24,1
13,21,32,7,7.625,32,1
13,28,25,7,7.625,20,3
13,18,36,6,8.714285714285714,17,1
13,17,40,3,15.25,27,2
13,31,23,6,8.714285714285714,24,1
13,27,26,7,7.625,27,2
