#,Player Wins,Banker Wins,Ties,Avg Diff,Max Diff,Min Diff
46,26,26,8,6.285714285714286,9,2
46,24,29,7,5.333333333333333,12,1
46,30,25,5,5.25,16,1
46,30,28,2,55.0,55,55
46,25,25,10,5.444444444444445,9,1
46,26,31,3,17.0,23,11
46,31,22,7,9.333333333333334,24,3
46,26,28,6,8.4,15,3
46,27,28,5,9.75,19,1
46,26,24,10,5.666666666666667,19,1
