#,Player Wins,Banker Wins,Ties,Avg Diff,Max Diff,Min Diff
7,24,29,7,8.166666666666666,15,3
7,32,25,3,12.0,12,12
7,34,19,7,6.333333333333333,15,1
7,22,33,5,11.25,19,2
7,27,25,8,6.428571428571429,11,1
7,31,24,5,7.75,18,3
7,27,29,4,14.333333333333334,23,8
7,32,22,6,10.4,18,5
7,30,23,7,8.833333333333334,26,1
7,28,27,5,11.5,24,1
