#,Player Wins,Banker Wins,Ties,Avg Diff,Max Diff,Min Diff
14,25,26,9,7.0,17,1
14,32,22,6,8.2,20,2
14,24,31,5,7.75,19,1
14,23,33,4,5.0,9,2
14,25,30,5,14.75,22,12
14,26,28,6,9.0,17,1
14,26,27,7,7.166666666666667,21,3
14,29,28,3,5.0,9,1
14,25,28,7,7.166666666666667,22,1
14,33,21,6,8.2,20,1
