#,Player Wins,Banker Wins,Ties,Avg Diff,Max Diff,Min Diff
47,22,26,12,5.090909090909091,13,1
47,26,30,4,8.333333333333334,11,3
47,31,23,6,11.0,18,4
47,19,33,8,5.571428571428571,16,2
47,29,22,9,6.875,15,3
47,23,29,8,6.571428571428571,13,2
47,29,27,4,13.0,15,12
47,29,27,4,15.666666666666666,26,9
47,30,26,4,17.0,28,2
47,23,27,10,6.0,14,1
