#,Player Wins,Banker Wins,Ties,Avg Diff,Max Diff,Min Diff
38,27,28,5,10.166666666666666,23,1
38,30,21,9,6.1,15,1
38,32,23,5,10.166666666666666,29,2
38,19,34,7,7.625,18,1
38,19,36,5,10.166666666666666,17,4
38,23,31,6,8.714285714285714,28,2
38,28,29,3,15.25,28,6
38,33,21,6,8.714285714285714,16,1
38,29,25,6,8.714285714285714,21,2
38,34,24,2,20.333333333333332,44,2
