#,Player Wins,Banker Wins,Ties,Avg Diff,Max Diff,Min Diff
17,22,32,6,8.714285714285714,18,1
17,32,26,2,20.333333333333332,26,9
17,28,29,3,15.25,21,8
17,25,31,4,12.2,24,1
17,25,31,4,12.2,21,2
17,25,24,11,5.083333333333333,13,1
17,25,29,6,8.714285714285714,24,1
17,25,28,7,7.625,16,1
17,26,33,1,30.5,41,20
17,29,22,9,6.1,20,1
