#,Player Wins,Banker Wins,Ties,Avg Diff,Max Diff,Min Diff
41,27,29,4,12.2,26,3
41,24,27,9,6.1,16,2
41,25,27,8,6.777777777777778,26,1
41,30,24,6,8.714285714285714,21,2
41,21,36,3,15.25,32,1
41,30,21,9,6.1,21,1
41,29,26,5,10.166666666666666,33,1
41,25,33,2,20.333333333333332,47,6
41,23,33,4,12.2,29,1
41,27,26,7,7.625,13,2
