#,Player Wins,Banker Wins,Ties,Avg Diff,Max Diff,Min Diff
43,27,30,3,16.0,27,5
43,23,31,6,7.4,16,2
43,23,33,4,15.333333333333334,28,8
43,29,25,6,6.0,9,3
43,24,33,3,22.5,36,9
43,21,34,5,10.25,24,1
43,25,31,4,16.666666666666668,43,1
43,27,26,7,7.833333333333333,12,3
43,29,30,1,0,0,0
43,29,24,7,6.833333333333333,15,1
