#,Player Wins,Banker Wins,Ties,Avg Diff,Max Diff,Min Diff
33,30,23,7,7.625,16,1
33,24,32,4,12.2,51,1
33,28,26,6,8.714285714285714,31,2
33,21,33,6,8.714285714285714,24,1
33,21,31,8,6.777777777777778,15,2
33,39,16,5,10.166666666666666,21,4
33,23,28,9,6.1,24,1
33,25,28,7,7.625,21,1
33,31,23,6,8.714285714285714,24,2
33,31,25,4,12.2,21,1
