#,Player Wins,Banker Wins,Ties,Avg Diff,Max Diff,Min Diff
1,33,21,6,8.714285714285714,20,1
1,27,25,8,6.777777777777778,24,1
1,20,38,2,20.333333333333332,31,11
1,31,26,3,15.25,27,4
1,25,31,4,12.2,27,1
1,25,27,8,6.777777777777778,13,1
1,30,27,3,15.25,31,4
1,27,28,5,10.166666666666666,22,2
1,27,29,4,12.2,33,2
1,25,29,6,8.714285714285714,27,1
