#,Player Wins,Banker Wins,Ties,Avg Diff,Max Diff,Min Diff
8,27,29,4,12.2,23,1
8,33,22,5,10.166666666666666,17,4
8,24,33,3,15.25,31,2
8,29,26,5,10.166666666666666,31,2
8,34,23,3,15.25,48,1
8,32,22,6,8.714285714285714,23,2
8,22,27,11,5.083333333333333,15,1
8,23,29,8,6.777777777777778,19,1
8,29,25,6,8.714285714285714,22,1
8,32,23,5,10.166666666666666,27,1
