#,Player Wins,Banker Wins,Ties,Avg Diff,Max Diff,Min Diff
16,32,22,6,8.714285714285714,26,1
16,31,24,5,10.166666666666666,25,3
16,19,35,6,8.714285714285714,16,1
16,27,29,4,12.2,39,1
16,30,19,11,5.083333333333333,14,1
16,28,27,5,10.166666666666666,28,4
16,28,26,6,8.714285714285714,17,2
16,24,26,10,5.545454545454546,16,2
16,30,26,4,12.2,17,2
16,25,30,5,10.166666666666666,29,1
