#,Player Wins,Banker Wins,Ties,Avg Diff,Max Diff,Min Diff
10,26,31,3,6.0,9,3
10,25,26,9,6.5,12,2
10,23,31,6,11.0,24,3
10,29,26,5,8.5,28,1
10,29,22,9,4.875,9,1
10,19,38,3,14.5,15,14
10,25,31,4,13.666666666666666,22,2
10,29,27,4,14.333333333333334,24,9
10,28,26,6,10.6,26,2
10,22,32,6,9.6,22,5
