#,Player Wins,Banker Wins,Ties,Avg Diff,Max Diff,Min Diff
2,18,36,6,8.714285714285714,28,4
2,26,28,6,8.714285714285714,14,3
2,22,33,5,10.166666666666666,12,6
2,24,29,7,7.625,20,3
2,31,25,4,12.2,31,1
2,21,31,8,6.777777777777778,13,1
2,28,29,3,15.25,26,6
2,25,29,6,8.714285714285714,17,1
2,22,31,7,7.625,30,1
2,30,25,5,10.166666666666666,18,2
