#,Player Wins,Banker Wins,Ties,Avg Diff,Max Diff,Min Diff
15,27,27,6,8.714285714285714,24,2
15,25,32,3,15.25,26,3
15,29,26,5,10.166666666666666,15,1
15,34,25,1,30.5,60,1
15,24,33,3,15.25,29,10
15,32,23,5,10.166666666666666,27,1
15,26,30,4,12.2,26,3
15,29,24,7,7.625,15,2
15,28,24,8,6.777777777777778,13,3
15,21,32,7,7.625,16,1
