#,Player Wins,Banker Wins,Ties,Avg Diff,Max Diff,Min Diff
33,26,24,10,5.545454545454546,13,1
33,27,28,5,10.166666666666666,26,2
33,28,26,6,8.714285714285714,23,2
33,24,27,9,6.1,15,1
33,21,33,6,8.714285714285714,15,3
33,25,29,6,8.714285714285714,20,2
33,25,29,6,8.714285714285714,17,3
33,15,33,12,4.6923076923076925,13,1
33,25,29,6,8.714285714285714,19,3
33,24,29,7,7.625,17,1
