#,Player Wins,Banker Wins,Ties,Avg Diff,Max Diff,Min Diff
10,26,32,2,20.333333333333332,38,7
10,26,30,4,12.2,23,3
10,29,24,7,7.625,33,1
10,24,31,5,10.166666666666666,16,2
10,28,29,3,15.25,35,1
10,23,27,10,5.545454545454546,16,1
10,26,29,5,10.166666666666666,23,3
10,30,23,7,7.625,15,1
10,30,23,7,7.625,15,2
10,32,23,5,10.166666666666666,26,1
