#,Player Wins,Banker Wins,Ties,Avg Diff,Max Diff,Min Diff
36,24,29,7,6.833333333333333,19,2
36,31,22,7,9.0,20,3
36,30,26,4,12.666666666666666,27,5
36,31,25,4,8.0,14,1
36,27,28,5,8.0,14,1
36,21,33,6,8.6,27,1
36,24,30,6,11.0,21,5
36,24,30,6,8.4,23,2
36,33,20,7,7.5,18,1
36,21,35,4,12.0,27,1
