#,Player Wins,Banker Wins,Ties,Avg Diff,Max Diff,Min Diff
21,22,31,7,7.625,20,1
21,23,35,2,20.333333333333332,24,16
21,25,25,10,5.545454545454546,17,1
21,25,26,9,6.1,15,1
21,29,28,3,15.25,25,6
21,26,28,6,8.714285714285714,19,1
21,25,31,4,12.2,19,4
21,18,40,2,20.333333333333332,34,11
21,31,25,4,12.2,24,1
21,26,29,5,10.166666666666666,24,5
