#,Player Wins,Banker Wins,Ties,Avg Diff,Max Diff,Min Diff
39,26,25,9,7.0,14,2
39,36,21,3,23.0,43,3
39,15,40,5,11.75,16,1
39,26,31,3,2.0,2,2
39,34,22,4,8.333333333333334,10,6
39,26,26,8,7.285714285714286,27,1
39,29,25,6,8.6,23,1
39,31,24,5,11.25,24,3
39,26,26,8,6.142857142857143,12,2
39,34,25,1,0,0,0
