#,Player Wins,Banker Wins,Ties,Avg Diff,Max Diff,Min Diff
25,24,32,4,12.0,26,4
25,29,21,10,4.777777777777778,12,1
25,33,24,3,9.5,15,4
25,25,24,11,5.5,15,1
25,33,23,4,16.0,42,3
25,30,25,5,12.75,32,3
25,27,28,5,10.0,28,1
25,29,27,4,18.0,26,11
25,28,24,8,7.428571428571429,15,2
25,28,25,7,8.5,15,3
