#,Player Wins,Banker Wins,Ties,Avg Diff,Max Diff,Min Diff
49,27,22,11,5.083333333333333,18,1
49,22,33,5,10.166666666666666,21,2
49,30,27,3,15.25,24,3
49,27,29,4,12.2,26,3
49,32,24,4,12.2,28,4
49,26,27,7,7.625,23,1
49,29,24,7,7.625,24,1
49,27,25,8,6.777777777777778,11,1
49,29,21,10,5.545454545454546,20,1
49,24,28,8,6.777777777777778,16,1
