#,Player Wins,Banker Wins,Ties,Avg Diff,Max Diff,Min Diff
4,26,26,8,7.714285714285714,13,2
4,32,25,3,20.5,22,19
4,27,29,4,14.666666666666666,33,5
4,26,30,4,10.666666666666666,15,4
4,32,26,2,50.0,50,50
4,24,27,9,5.625,14,1
4,24,28,8,7.428571428571429,22,1
4,26,31,3,11.5,15,8
4,31,25,4,14.666666666666666,26,3
4,25,29,6,8.2,15,2
