#,Player Wins,Banker Wins,Ties,Avg Diff,Max Diff,Min Diff
20,24,29,7,6.333333333333333,18,1
20,29,27,4,14.666666666666666,32,4
20,28,29,3,22.0,35,9
20,21,29,10,5.666666666666667,17,1
20,27,28,5,13.25,33,4
20,26,28,6,10.6,26,1
20,28,27,5,12.0,22,5
20,26,29,5,11.25,23,4
20,31,22,7,7.5,19,4
20,23,30,7,3.6666666666666665,6,2
