#,Player Wins,Banker Wins,Ties,Avg Diff,Max Diff,Min Diff
26,33,22,5,13.5,34,1
26,24,29,7,7.5,12,1
26,28,27,5,9.0,16,1
26,28,24,8,6.857142857142857,22,1
26,28,26,6,6.4,15,1
26,27,29,4,9.0,12,5
26,29,23,8,7.428571428571429,12,1
26,25,25,10,4.888888888888889,12,1
26,30,25,5,9.0,23,3
26,27,24,9,5.625,12,3
