#,Player Wins,Banker Wins,Ties,Avg Diff,Max Diff,Min Diff
28,25,26,9,4.875,11,1
28,27,28,5,11.5,25,4
28,27,24,9,7.125,24,1
28,30,25,5,10.0,17,5
28,31,27,2,44.0,44,44
28,38,16,6,5.2,9,2
28,28,27,5,13.75,30,3
28,27,26,7,8.166666666666666,19,3
28,27,29,4,14.0,20,9
28,26,30,4,13.666666666666666,28,3
