#,Player Wins,Banker Wins,Ties,Avg Diff,Max Diff,Min Diff
30,29,20,11,5.8,19,1
30,21,33,6,10.4,40,1
30,33,25,2,11.0,11,11
30,26,29,5,6.5,13,1
30,22,30,8,7.571428571428571,18,4
30,25,25,10,5.888888888888889,12,3
30,25,30,5,14.0,30,6
30,27,30,3,15.0,16,14
30,26,29,5,12.25,28,3
30,25,31,4,9.0,15,2
