#,Player Wins,Banker Wins,Ties,Avg Diff,Max Diff,Min Diff
10,22,35,3,26.5,44,9
10,21,33,6,10.8,24,2
10,30,21,9,7.0,19,1
10,27,23,10,5.0,13,1
10,21,34,5,8.5,14,3
10,20,30,10,5.444444444444445,10,1
10,26,31,3,26.5,41,12
10,26,28,6,8.4,15,2
10,31,25,4,18.333333333333332,24,11
10,21,34,5,12.75,18,3
