#,Player Wins,Banker Wins,Ties,Avg Diff,Max Diff,Min Diff
18,25,27,8,6.714285714285714,15,1
18,28,29,3,6.5,9,4
18,24,30,6,9.8,16,4
18,24,34,2,8.0,8,8
18,22,32,6,10.2,40,1
18,22,31,7,8.833333333333334,18,3
18,30,22,8,6.857142857142857,21,1
18,21,30,9,6.75,11,2
18,34,22,4,4.666666666666667,10,1
18,26,30,4,17.666666666666668,32,7
