#,Player Wins,Banker Wins,Ties,Avg Diff,Max Diff,Min Diff
29,20,32,8,6.857142857142857,17,2
29,25,32,3,15.0,27,3
29,27,27,6,9.2,18,1
29,22,34,4,11.666666666666666,23,4
29,32,26,2,4.0,4,4
29,27,32,1,0,0,0
29,27,28,5,8.5,19,3
29,28,26,6,9.4,31,2
29,30,26,4,11.333333333333334,32,1
29,24,32,4,19.0,37,7
