#,Player Wins,Banker Wins,Ties,Avg Diff,Max Diff,Min Diff
48,35,19,6,10.8,26,3
48,28,24,8,4.857142857142857,10,1
48,30,25,5,10.25,35,1
48,29,28,3,23.5,25,22
48,26,29,5,11.75,35,3
48,28,29,3,11.5,21,2
48,26,31,3,20.5,37,4
48,26,24,10,5.555555555555555,14,1
48,30,23,7,9.333333333333334,17,2
48,29,24,7,6.333333333333333,20,2
