#,Player Wins,Banker Wins,Ties,Avg Diff,Max Diff,Min Diff
3,30,24,6,8.714285714285714,33,1
3,30,27,3,15.25,21,8
3,19,37,4,12.2,25,3
3,27,28,5,10.166666666666666,35,1
3,27,26,7,7.625,20,2
3,32,24,4,12.2,24,1
3,29,29,2,20.333333333333332,38,2
3,27,28,5,10.166666666666666,27,1
3,29,24,7,7.625,16,3
3,26,27,7,7.625,19,2
