#,Player Wins,Banker Wins,Ties,Avg Diff,Max Diff,Min Diff
23,19,36,5,10.166666666666666,24,1
23,28,26,6,8.714285714285714,25,1
23,27,31,2,20.333333333333332,32,7
23,21,33,6,8.714285714285714,14,4
23,25,30,5,10.166666666666666,25,1
23,29,28,3,15.25,27,3
23,24,29,7,7.625,20,3
23,27,29,4,12.2,38,2
23,23,32,5,10.166666666666666,19,3
23,23,31,6,8.714285714285714,17,1
