#,Player Wins,Banker Wins,Ties,Avg Diff,Max Diff,Min Diff
27,30,26,4,13.0,21,2
27,26,28,6,10.2,16,6
27,25,30,5,13.25,25,3
27,30,26,4,9.0,14,4
27,23,30,7,7.833333333333333,21,2
27,21,30,9,6.625,17,1
27,28,22,10,4.888888888888889,8,1
27,25,24,11,4.7,14,1
27,23,30,7,5.166666666666667,8,1
27,28,25,7,9.0,20,1
