#,Player Wins,Banker Wins,Ties,Avg Diff,Max Diff,Min Diff
5,21,31,8,4.714285714285714,14,1
5,26,31,3,16.5,21,12
5,30,25,5,9.5,13,6
5,21,33,6,5.6,15,2
5,28,28,4,10.333333333333334,21,3
5,30,28,2,2.0,2,2
5,24,32,4,13.0,25,3
5,23,29,8,5.857142857142857,10,1
5,21,31,8,6.0,13,1
5,23,33,4,15.0,40,2
