#,Player Wins,Banker Wins,Ties,Avg Diff,Max Diff,Min Diff
44,28,26,6,8.8,22,2
44,25,33,2,23.0,23,23
44,28,23,9,7.375,15,2
44,30,29,1,0,0,0
44,29,23,8,8.142857142857142,21,1
44,25,26,9,5.75,15,2
44,26,27,7,7.166666666666667,18,2
44,37,20,3,12.0,13,11
44,26,28,6,6.2,18,2
44,29,23,8,7.571428571428571,23,1
