#,Player Wins,Banker Wins,Ties,Avg Diff,Max Diff,Min Diff
12,27,24,9,5.75,13,1
12,27,26,7,9.5,29,1
12,25,31,4,11.666666666666666,21,2
12,27,25,8,7.857142857142857,20,2
12,29,28,3,24.5,43,6
12,28,25,7,8.333333333333334,14,4
12,30,29,1,0,0,0
12,27,27,6,8.2,23,3
12,25,31,4,17.0,43,1
12,19,37,4,11.0,25,1
