#,Player Wins,Banker Wins,Ties,Avg Diff,Max Diff,Min Diff
33,24,32,4,12.2,44,2
33,22,34,4,12.2,21,6
33,29,25,6,8.714285714285714,29,1
33,31,25,4,12.2,27,1
33,30,29,1,30.5,38,23
33,23,28,9,6.1,19,1
33,29,24,7,7.625,26,2
33,25,27,8,6.777777777777778,12,2
33,33,22,5,10.166666666666666,34,1
33,34,25,1,30.5,45,16
