#,Player Wins,Banker Wins,Ties,Avg Diff,Max Diff,Min Diff
37,25,32,3,15.25,36,6
37,26,31,3,15.25,31,1
37,23,30,7,7.625,21,1
37,29,30,1,30.5,47,14
37,32,24,4,12.2,22,3
37,19,36,5,10.166666666666666,32,1
37,23,32,5,10.166666666666666,19,3
37,35,24,1,30.5,34,27
37,25,30,5,10.166666666666666,26,1
37,27,29,4,12.2,22,4
