#,Player Wins,Banker Wins,Ties,Avg Diff,Max Diff,Min Diff
6,23,32,5,11.25,25,4
6,31,23,6,9.8,22,3
6,24,30,6,10.8,34,1
6,27,28,5,10.25,30,2
6,26,30,4,15.666666666666666,35,1
6,23,36,1,0,0,0
6,32,20,8,7.571428571428571,13,2
6,26,26,8,6.142857142857143,16,1
6,22,32,6,8.2,21,4
6,21,34,5,12.5,26,1
