#,Player Wins,Banker Wins,Ties,Avg Diff,Max Diff,Min Diff
15,30,27,3,26.5,50,3
15,28,29,3,25.5,43,8
15,27,27,6,9.2,15,2
15,25,27,8,7.142857142857143,14,2
15,22,36,2,20.0,20,20
15,30,25,5,6.5,10,4
15,27,26,7,4.166666666666667,10,1
15,22,34,4,18.666666666666668,32,7
15,27,27,6,8.4,17,2
15,26,29,5,6.75,11,2
