#,Player Wins,Banker Wins,Ties,Avg Diff,Max Diff,Min Diff
19,28,27,5,10.166666666666666,18,6
19,25,31,4,12.2,20,3
19,26,28,6,8.714285714285714,36,1
19,34,25,1,30.5,54,7
19,29,24,7,7.625,14,2
19,26,30,4,12.2,23,4
19,32,24,4,12.2,27,5
19,26,28,6,8.714285714285714,25,2
19,25,29,6,8.714285714285714,30,1
19,25,28,7,7.625,18,1
