#,Player Wins,Banker Wins,Ties,Avg Diff,Max Diff,Min Diff
25,23,29,8,5.857142857142857,9,1
25,19,33,8,6.285714285714286,11,1
25,29,27,4,14.0,19,7
25,31,24,5,14.25,23,8
25,36,20,4,12.0,18,5
25,28,26,6,10.2,24,4
25,26,30,4,11.333333333333334,26,2
25,18,36,6,9.8,27,1
25,22,35,3,11.5,14,9
25,32,24,4,12.333333333333334,21,3
