#,Player Wins,Banker Wins,Ties,Avg Diff,Max Diff,Min Diff
24,33,23,4,18.666666666666668,33,9
24,24,26,10,5.888888888888889,11,2
24,25,30,5,11.0,20,4
24,24,30,6,6.2,13,1
24,31,23,6,4.6,12,1
24,28,28,4,15.0,19,10
24,27,26,7,8.166666666666666,12,2
24,26,28,6,11.6,20,2
24,28,28,4,13.333333333333334,29,2
24,28,28,4,10.333333333333334,14,7
