#,Player Wins,Banker Wins,Ties,Avg Diff,Max Diff,Min Diff
46,28,24,8,6.777777777777778,17,2
46,18,34,8,6.777777777777778,18,1
46,22,33,5,10.166666666666666,30,1
46,31,24,5,10.166666666666666,21,1
46,23,32,5,10.166666666666666,38,1
46,30,27,3,15.25,30,5
46,26,31,3,15.25,21,9
46,24,30,6,8.714285714285714,17,1
46,32,22,6,8.714285714285714,23,1
46,27,26,7,7.625,15,1
