#,Player Wins,Banker Wins,Ties,Avg Diff,Max Diff,Min Diff
14,29,28,3,15.25,24,10
14,24,32,4,12.2,25,4
14,25,25,10,5.545454545454546,24,1
14,28,25,7,7.625,18,2
14,24,27,9,6.1,16,3
14,27,27,6,8.714285714285714,22,1
14,25,27,8,6.777777777777778,19,1
14,33,22,5,10.166666666666666,18,1
14,29,23,8,6.777777777777778,20,1
14,29,27,4,12.2,47,2
