#,Player Wins,Banker Wins,Ties,Avg Diff,Max Diff,Min Diff
3,19,34,7,7.625,20,1
3,26,25,9,6.1,15,1
3,24,31,5,10.166666666666666,25,3
3,28,24,8,6.777777777777778,13,3
3,27,29,4,12.2,17,8
3,39,15,6,8.714285714285714,38,1
3,29,27,4,12.2,25,4
3,27,25,8,6.777777777777778,27,1
3,27,25,8,6.777777777777778,14,1
3,22,30,8,6.777777777777778,19,1
