#,Player Wins,Banker Wins,Ties,Avg Diff,Max Diff,Min Diff
50,33,19,8,6.777777777777778,16,1
50,30,24,6,8.714285714285714,14,4
50,24,31,5,10.166666666666666,29,2
50,26,28,6,8.714285714285714,14,3
50,30,23,7,7.625,19,3
50,26,29,5,10.166666666666666,23,2
50,29,23,8,6.777777777777778,15,2
50,29,25,6,8.714285714285714,22,1
50,24,30,6,8.714285714285714,17,3
50,25,30,5,10.166666666666666,27,1
