#,Player Wins,Banker Wins,Ties,Avg Diff,Max Diff,Min Diff
18,36,21,3,15.25,25,3
18,20,32,8,6.777777777777778,12,1
18,18,35,7,7.625,30,1
18,20,34,6,8.714285714285714,21,1
18,31,26,3,15.25,29,7
18,31,22,7,7.625,22,1
18,26,27,7,7.625,15,1
18,26,27,7,7.625,16,1
18,27,30,3,15.25,28,3
18,22,35,3,15.25,50,2
