#,Player Wins,Banker Wins,Ties,Avg Diff,Max Diff,Min Diff
35,28,24,8,7.714285714285714,18,3
35,23,28,9,6.625,17,3
35,27,28,5,9.0,16,3
35,29,28,3,28.0,33,23
35,30,26,4,4.333333333333333,6,2
35,32,23,5,9.0,14,2
35,22,34,4,12.666666666666666,21,4
35,28,26,6,9.4,24,2
35,17,36,7,8.166666666666666,24,1
35,31,22,7,8.833333333333334,14,1
