#,Player Wins,Banker Wins,Ties,Avg Diff,Max Diff,Min Diff
19,31,25,4,12.2,25,3
19,32,20,8,6.777777777777778,15,1
19,27,27,6,8.714285714285714,29,1
19,32,23,5,10.166666666666666,29,3
19,23,34,3,15.25,24,8
19,29,28,3,15.25,45,2
19,24,33,3,15.25,30,3
19,24,30,6,8.714285714285714,18,2
19,30,23,7,7.625,21,1
19,31,21,8,6.777777777777778,12,2
