#,Player Wins,Banker Wins,Ties,Avg Diff,Max Diff,Min Diff
16,25,34,1,30.5,40,21
16,25,31,4,12.2,27,3
16,28,25,7,7.625,20,1
16,29,25,6,8.714285714285714,18,1
16,19,37,4,12.2,24,3
16,22,32,6,8.714285714285714,38,1
16,27,28,5,10.166666666666666,19,1
16,22,32,6,8.714285714285714,11,7
16,30,25,5,10.166666666666666,37,1
16,28,27,5,10.166666666666666,29,1
