#,Player Wins,Banker Wins,Ties,Avg Diff,Max Diff,Min Diff
24,26,25,9,6.375,14,1
24,30,27,3,12.5,19,6
24,30,27,3,9.5,11,8
24,29,23,8,7.571428571428571,13,2
24,21,33,6,10.4,33,1
24,26,30,4,9.0,12,4
24,27,28,5,9.25,15,6
24,26,26,8,4.857142857142857,12,1
24,26,31,3,14.5,24,5
24,27,27,6,10.2,22,1
