#,Player Wins,Banker Wins,Ties,Avg Diff,Max Diff,Min Diff
20,23,31,6,10.4,18,5
20,29,26,5,11.0,21,1
20,25,30,5,10.5,34,1
20,22,28,10,5.0,11,1
20,29,23,8,8.142857142857142,16,1
20,27,30,3,9.0,16,2
20,21,35,4,10.333333333333334,18,3
20,31,19,10,5.222222222222222,13,1
20,23,29,8,7.571428571428571,24,1
20,30,27,3,12.5,24,1
