#,Player Wins,Banker Wins,Ties,Avg Diff,Max Diff,Min Diff
15,23,33,4,3.6666666666666665,6,2
15,27,25,8,7.857142857142857,27,1
15,17,34,9,7.0,14,1
15,25,27,8,6.571428571428571,16,2
15,32,24,4,12.666666666666666,22,2
15,25,33,2,24.0,24,24
15,23,30,7,7.5,11,1
15,27,30,3,15.0,25,5
15,26,29,5,13.5,43,1
15,25,27,8,7.428571428571429,19,1
