#,Player Wins,Banker Wins,Ties,Avg Diff,Max Diff,Min Diff
48,29,27,4,8.666666666666666,11,7
48,28,22,10,5.111111111111111,12,1
48,26,29,5,12.5,21,1
48,35,20,5,10.25,21,1
48,23,33,4,15.666666666666666,31,2
48,29,28,3,18.5,20,17
48,24,27,9,6.0,21,1
48,31,28,1,0,0,0
48,29,26,5,11.25,18,3
48,18,35,7,7.666666666666667,14,2
