#,Player Wins,Banker Wins,Ties,Avg Diff,Max Diff,Min Diff
10,33,23,4,12.2,17,9
10,27,30,3,15.25,54,1
10,32,24,4,12.2,29,2
10,23,29,8,6.777777777777778,13,2
10,22,34,4,12.2,31,2
10,25,28,7,7.625,14,3
10,30,26,4,12.2,27,1
10,29,26,5,10.166666666666666,31,1
10,33,21,6,8.714285714285714,15,1
10,30,22,8,6.777777777777778,27,1
