#,Player Wins,Banker Wins,Ties,Avg Diff,Max Diff,Min Diff
29,28,27,5,13.0,29,7
29,28,30,2,2.0,2,2
29,25,33,2,14.0,14,14
29,22,30,8,6.285714285714286,22,1
29,26,30,4,16.333333333333332,21,7
29,32,22,6,9.6,16,3
29,23,24,13,3.5833333333333335,13,1
29,28,26,6,9.4,26,1
29,14,38,8,7.714285714285714,14,2
29,27,27,6,9.8,25,1
