#,Player Wins,Banker Wins,Ties,Avg Diff,Max Diff,Min Diff
46,22,32,6,8.714285714285714,13,4
46,24,29,7,7.625,16,1
46,32,24,4,12.2,18,3
46,25,29,6,8.714285714285714,40,2
46,33,24,3,15.25,24,8
46,29,25,6,8.714285714285714,20,2
46,24,32,4,12.2,23,5
46,28,22,10,5.545454545454546,16,1
46,27,25,8,6.777777777777778,19,1
46,26,28,6,8.714285714285714,19,2
