#,Player Wins,Banker Wins,Ties,Avg Diff,Max Diff,Min Diff
21,31,28,1,30.5,37,24
21,25,32,3,15.25,24,5
21,24,30,6,8.714285714285714,30,1
21,27,28,5,10.166666666666666,21,4
21,26,28,6,8.714285714285714,14,3
21,23,26,11,5.083333333333333,13,1
21,23,34,3,15.25,32,1
21,30,25,5,10.166666666666666,35,1
21,28,28,4,12.2,22,3
21,27,29,4,12.2,18,5
