#,Player Wins,Banker Wins,Ties,Avg Diff,Max Diff,Min Diff
48,21,35,4,12.2,28,5
48,25,32,3,15.25,30,8
48,30,22,8,6.777777777777778,30,1
48,32,25,3,15.25,22,5
48,26,30,4,12.2,24,3
48,28,26,6,8.714285714285714,28,2
48,29,22,9,6.1,13,1
48,25,27,8,6.777777777777778,15,1
48,25,29,6,8.714285714285714,21,1
48,24,33,3,15.25,33,1
