#,Player Wins,Banker Wins,Ties,Avg Diff,Max Diff,Min Diff
12,24,25,11,5.083333333333333,13,1
12,22,34,4,12.2,40,1
12,33,21,6,8.714285714285714,22,2
12,29,22,9,6.1,16,1
12,28,23,9,6.1,25,1
12,28,29,3,15.25,34,5
12,29,25,6,8.714285714285714,22,3
12,31,26,3,15.25,27,1
12,30,25,5,10.166666666666666,21,2
12,27,28,5,10.166666666666666,14,6
