#,Player Wins,Banker Wins,Ties,Avg Diff,Max Diff,Min Diff
16,27,31,2,20.333333333333332,49,5
16,23,33,4,12.2,50,1
16,21,23,16,3.588235294117647,10,1
16,26,30,4,12.2,37,1
16,27,25,8,6.777777777777778,14,1
16,24,33,3,15.25,32,2
16,27,30,3,15.25,28,5
16,30,28,2,20.333333333333332,34,12
16,25,27,8,6.777777777777778,23,1
16,27,30,3,15.25,30,6
