#,Player Wins,Banker Wins,Ties,Avg Diff,Max Diff,Min Diff
3,27,26,7,7.625,15,1
3,26,27,7,7.625,14,2
3,27,22,11,5.083333333333333,13,1
3,27,28,5,10.166666666666666,22,1
3,26,27,7,7.625,18,1
3,25,30,5,10.166666666666666,28,2
3,26,30,4,12.2,26,1
3,26,31,3,15.25,48,1
3,28,27,5,10.166666666666666,27,4
3,22,28,10,5.545454545454546,17,1
