#,Player Wins,Banker Wins,Ties,Avg Diff,Max Diff,Min Diff
37,27,25,8,7.571428571428571,16,2
37,30,26,4,15.0,19,11
37,20,33,7,9.333333333333334,25,1
37,31,21,8,6.571428571428571,11,3
37,24,35,1,0,0,0
37,26,31,3,23.0,43,3
37,25,29,6,7.0,12,1
37,23,31,6,9.4,20,2
37,27,22,11,5.2,20,1
37,26,29,5,14.25,18,10
