#,Player Wins,Banker Wins,Ties,Avg Diff,Max Diff,Min Diff
13,30,25,5,8.5,16,4
13,27,27,6,9.2,26,1
13,24,32,4,17.333333333333332,43,2
13,31,27,2,14.0,14,14
13,27,27,6,6.8,18,1
13,24,29,7,8.333333333333334,18,1
13,26,26,8,8.285714285714286,19,2
13,21,32,7,6.333333333333333,15,1
13,21,35,4,7.0,11,1
13,30,25,5,13.5,42,1
