#,Player Wins,Banker Wins,Ties,Avg Diff,Max Diff,Min Diff
2,25,31,4,12.2,33,4
2,28,26,6,8.714285714285714,23,1
2,26,27,7,7.625,12,2
2,27,26,7,7.625,27,2
2,22,31,7,7.625,17,1
2,30,23,7,7.625,17,1
2,27,27,6,8.714285714285714,21,2
2,22,32,6,8.714285714285714,16,4
2,26,28,6,8.714285714285714,18,1
2,24,30,6,8.714285714285714,17,1
