#,Player Wins,Banker Wins,Ties,Avg Diff,Max Diff,Min Diff
39,21,33,6,8.714285714285714,31,1
39,22,32,6,8.714285714285714,16,3
39,30,26,4,12.2,30,1
39,31,23,6,8.714285714285714,19,3
39,21,29,10,5.545454545454546,17,1
39,26,28,6,8.714285714285714,36,1
39,24,26,10,5.545454545454546,21,1
39,25,22,13,4.357142857142857,14,1
39,30,28,2,20.333333333333332,29,4
39,33,24,3,15.25,26,1
