#,Player Wins,Banker Wins,Ties,Avg Diff,Max Diff,Min Diff
47,23,28,9,6.1,12,1
47,24,33,3,15.25,39,3
47,25,31,4,12.2,20,5
47,23,32,5,10.166666666666666,19,1
47,25,28,7,7.625,23,1
47,30,29,1,30.5,42,19
47,26,29,5,10.166666666666666,28,2
47,31,25,4,12.2,27,3
47,30,27,3,15.25,51,2
47,19,37,4,12.2,23,1
