#,Player Wins,Banker Wins,Ties,Avg Diff,Max Diff,Min Diff
26,28,25,7,4.166666666666667,9,1
26,14,38,8,6.714285714285714,13,1
26,27,28,5,9.75,19,1
26,26,27,7,8.5,20,1
26,24,34,2,31.0,31,31
26,28,29,3,9.5,13,6
26,24,29,7,8.666666666666666,12,3
26,27,27,6,10.0,25,2
26,28,22,10,4.888888888888889,14,1
26,26,28,6,7.8,13,2
