#,Player Wins,Banker Wins,Ties,Avg Diff,Max Diff,Min Diff
41,25,30,5,13.25,28,3
41,32,21,7,8.0,13,1
41,27,28,5,13.25,28,4
41,25,24,11,5.5,15,1
41,30,23,7,7.166666666666667,14,1
41,23,30,7,9.666666666666666,34,3
41,33,19,8,7.714285714285714,22,1
41,35,21,4,10.0,21,2
41,27,30,3,9.0,14,4
41,26,31,3,9.5,13,6
