#,Player Wins,Banker Wins,Ties,Avg Diff,Max Diff,Min Diff
30,25,32,3,15.25,26,2
30,28,26,6,8.714285714285714,15,1
30,28,26,6,8.714285714285714,15,1
30,30,23,7,7.625,19,1
30,22,29,9,6.1,13,1
30,28,29,3,15.25,32,1
30,22,28,10,5.545454545454546,19,1
30,27,25,8,6.777777777777778,13,1
30,27,29,4,12.2,26,2
30,29,25,6,8.714285714285714,21,1
