#,Player Wins,Banker Wins,Ties,Avg Diff,Max Diff,Min Diff
19,35,23,2,47.0,47,47
19,29,25,6,9.0,29,1
19,25,26,9,5.375,13,1
19,28,28,4,10.666666666666666,18,2
19,28,26,6,9.6,35,1
19,24,32,4,7.0,9,5
19,26,30,4,12.333333333333334,26,5
19,28,28,4,12.666666666666666,18,9
19,30,23,7,8.0,14,1
19,28,26,6,4.8,11,1
