#,Player Wins,Banker Wins,Ties,Avg Diff,Max Diff,Min Diff
47,26,29,5,14.0,24,1
47,28,28,4,16.333333333333332,24,11
47,31,23,6,7.2,13,1
47,28,24,8,6.428571428571429,13,2
47,27,26,7,7.166666666666667,16,2
47,25,30,5,7.25,24,1
47,26,28,6,4.8,10,1
47,27,26,7,9.5,22,2
47,29,23,8,6.428571428571429,15,1
47,25,29,6,7.0,15,3
