#,Player Wins,Banker Wins,Ties,Avg Diff,Max Diff,Min Diff
43,24,27,9,5.875,14,1
43,28,24,8,6.714285714285714,13,1
43,23,29,8,8.142857142857142,16,1
43,35,19,6,8.4,19,1
43,29,24,7,8.833333333333334,18,1
43,24,29,7,9.166666666666666,24,3
43,28,29,3,3.5,6,1
43,29,26,5,12.0,37,1
43,25,26,9,7.25,17,2
43,20,31,9,6.0,16,1
