#,Player Wins,Banker Wins,Ties,Avg Diff,Max Diff,Min Diff
21,36,21,3,16.0,21,11
21,26,30,4,9.333333333333334,13,4
21,29,24,7,5.5,10,3
21,25,31,4,18.333333333333332,22,16
21,27,27,6,7.6,21,2
21,30,25,5,7.0,9,5
21,20,33,7,7.0,16,1
21,28,29,3,15.5,28,3
21,23,28,9,6.875,23,1
21,31,23,6,11.0,26,1
