#,Player Wins,Banker Wins,Ties,Avg Diff,Max Diff,Min Diff
18,22,32,6,8.714285714285714,17,2
18,27,25,8,6.777777777777778,20,1
18,25,30,5,10.166666666666666,23,2
18,28,28,4,12.2,29,4
18,28,24,8,6.777777777777778,16,2
18,30,29,1,30.5,57,4
18,27,20,13,4.357142857142857,10,1
18,24,30,6,8.714285714285714,14,3
18,27,30,3,15.25,45,2
18,23,28,9,6.1,19,1
