#,Player Wins,Banker Wins,Ties,Avg Diff,Max Diff,Min Diff
38,24,30,6,8.714285714285714,28,1
38,29,28,3,15.25,28,1
38,28,28,4,12.2,37,1
38,26,26,8,6.777777777777778,18,1
38,25,29,6,8.714285714285714,27,1
38,28,27,5,10.166666666666666,37,1
38,29,25,6,8.714285714285714,15,1
38,29,25,6,8.714285714285714,25,1
38,30,25,5,10.166666666666666,25,3
38,23,31,6,8.714285714285714,20,1
