#,Player Wins,Banker Wins,Ties,Avg Diff,Max Diff,Min Diff
35,25,28,7,7.5,27,1
35,21,31,8,6.0,15,1
35,26,31,3,19.5,31,8
35,26,27,7,8.833333333333334,20,4
35,28,28,4,17.333333333333332,28,12
35,34,22,4,15.333333333333334,22,8
35,29,26,5,7.75,20,1
35,19,30,11,5.5,17,1
35,29,27,4,19.333333333333332,50,4
35,24,33,3,8.5,14,3
