#,Player Wins,Banker Wins,Ties,Avg Diff,Max Diff,Min Diff
25,21,32,7,7.666666666666667,13,1
25,22,28,10,6.333333333333333,26,1
25,23,27,10,5.444444444444445,10,1
25,22,33,5,11.75,24,3
25,24,27,9,7.25,22,2
25,29,25,6,11.2,26,1
25,26,30,4,10.0,21,2
25,23,31,6,11.2,35,1
25,33,23,4,11.666666666666666,16,4
25,32,19,9,6.5,11,1
