#,Player Wins,Banker Wins,Ties,Avg Diff,Max Diff,Min Diff
16,24,31,5,11.25,26,2
16,22,31,7,6.5,14,1
16,27,27,6,8.0,18,1
16,28,26,6,7.0,15,1
16,25,29,6,6.0,8,2
16,26,31,3,9.0,14,4
16,29,26,5,6.25,15,3
16,25,31,4,8.333333333333334,19,2
16,24,31,5,10.25,23,3
16,28,25,7,6.166666666666667,18,1
