#,Player Wins,Banker Wins,Ties,Avg Diff,Max Diff,Min Diff
15,24,30,6,8.714285714285714,25,1
15,29,26,5,10.166666666666666,18,1
15,25,28,7,7.625,22,2
15,24,28,8,6.777777777777778,24,1
15,33,21,6,8.714285714285714,19,1
15,25,31,4,12.2,20,7
15,28,23,9,6.1,15,1
15,25,25,10,5.545454545454546,10,1
15,28,25,7,7.625,31,1
15,28,28,4,12.2,43,3
