#,Player Wins,Banker Wins,Ties,Avg Diff,Max Diff,Min Diff
34,35,21,4,15.0,28,3
34,32,20,8,8.285714285714286,22,1
34,23,31,6,10.4,21,1
34,30,29,1,0,0,0
34,26,27,7,7.833333333333333,15,3
34,30,25,5,12.25,24,1
34,27,27,6,11.4,19,3
34,23,31,6,11.0,33,2
34,28,28,4,14.666666666666666,27,8
34,28,28,4,7.666666666666667,16,3
