#,Player Wins,Banker Wins,Ties,Avg Diff,Max Diff,Min Diff
15,25,26,9,5.125,12,3
15,21,29,10,5.333333333333333,12,1
15,31,23,6,8.8,19,1
15,23,29,8,8.142857142857142,18,1
15,25,27,8,5.285714285714286,9,2
15,27,28,5,12.25,27,3
15,24,31,5,8.25,10,5
15,25,26,9,6.125,14,1
15,22,28,10,5.333333333333333,12,1
15,26,29,5,8.0,17,1
