#,Player Wins,Banker Wins,Ties,Avg Diff,Max Diff,Min Diff
17,23,29,8,6.285714285714286,12,1
17,33,23,4,12.666666666666666,16,6
17,28,26,6,4.6,9,2
17,20,36,4,16.0,38,1
17,25,31,4,14.666666666666666,34,3
17,20,35,5,13.25,26,4
17,22,34,4,12.0,22,2
17,25,29,6,7.0,16,2
17,29,27,4,17.333333333333332,28,5
17,29,29,2,8.0,8,8
