#,Player Wins,Banker Wins,Ties,Avg Diff,Max Diff,Min Diff
9,21,27,12,4.454545454545454,13,2
9,19,35,6,9.0,17,3
9,27,28,5,3.5,6,2
9,29,22,9,5.125,13,1
9,25,29,6,11.6,20,6
9,27,26,7,7.166666666666667,13,1
9,26,33,1,0,0,0
9,22,35,3,8.5,11,6
9,30,28,2,42.0,42,42
9,24,29,7,6.833333333333333,12,3
