#,Player Wins,Banker Wins,Ties,Avg Diff,Max Diff,Min Diff
50,28,23,9,6.1,18,1
50,21,27,12,4.6923076923076925,14,1
50,26,25,9,6.1,18,1
50,22,30,8,6.777777777777778,19,1
50,25,24,11,5.083333333333333,14,2
50,33,24,3,15.25,30,3
50,28,26,6,8.714285714285714,17,1
50,26,27,7,7.625,14,2
50,21,31,8,6.777777777777778,30,1
50,27,27,6,8.714285714285714,19,3
