#,Player Wins,Banker Wins,Ties,Avg Diff,Max Diff,Min Diff
34,32,25,3,10.5,14,7
34,20,33,7,6.5,16,1
34,23,30,7,9.666666666666666,17,1
34,24,27,9,6.75,20,1
34,21,32,7,7.833333333333333,12,1
34,19,32,9,6.25,26,1
34,17,35,8,6.428571428571429,20,1
34,30,25,5,4.5,6,2
34,28,27,5,9.5,20,2
34,29,24,7,5.833333333333333,9,3
