#,Player Wins,Banker Wins,Ties,Avg Diff,Max Diff,Min Diff
49,23,31,6,8.714285714285714,23,1
49,32,21,7,7.625,17,1
49,25,26,9,6.1,16,1
49,26,30,4,12.2,35,4
49,28,28,4,12.2,45,1
49,23,32,5,10.166666666666666,24,4
49,30,25,5,10.166666666666666,32,2
49,30,27,3,15.25,29,4
49,25,31,4,12.2,21,6
49,33,26,1,30.5,52,9
