#,Player Wins,Banker Wins,Ties,Avg Diff,Max Diff,Min Diff
7,26,29,5,11.0,24,1
7,21,33,6,5.6,18,2
7,22,32,6,11.2,33,1
7,31,22,7,8.833333333333334,16,4
7,20,33,7,7.833333333333333,20,1
7,21,36,3,9.5,14,5
7,29,24,7,8.0,16,2
7,30,25,5,12.0,24,3
7,28,27,5,7.25,13,4
7,21,36,3,19.0,35,3
