#,Player Wins,Banker Wins,Ties,Avg Diff,Max Diff,Min Diff
7,29,30,1,0,0,0
7,28,26,6,5.4,13,2
7,27,25,8,6.857142857142857,19,1
7,29,22,9,4.75,12,1
7,30,22,8,6.142857142857143,16,1
7,28,27,5,7.75,16,1
7,28,28,4,12.666666666666666,21,7
7,32,28,0,0,0,0
7,28,28,4,16.333333333333332,27,10
7,31,21,8,5.571428571428571,11,1
