#,Player Wins,Banker Wins,Ties,Avg Diff,Max Diff,Min Diff
46,24,29,7,7.625,14,1
46,22,27,11,5.083333333333333,13,1
46,25,30,5,10.166666666666666,22,3
46,18,34,8,6.777777777777778,18,1
46,26,30,4,12.2,36,1
46,24,31,5,10.166666666666666,27,1
46,30,25,5,10.166666666666666,31,1
46,21,34,5,10.166666666666666,19,1
46,25,28,7,7.625,17,1
46,25,31,4,12.2,27,1
