#,Player Wins,Banker Wins,Ties,Avg Diff,Max Diff,Min Diff
9,23,31,6,10.0,22,1
9,26,29,5,7.0,9,6
9,24,28,8,7.714285714285714,14,2
9,23,33,4,16.333333333333332,41,2
9,27,29,4,18.0,32,9
9,24,29,7,7.5,20,2
9,32,20,8,5.142857142857143,11,1
9,28,26,6,9.6,17,1
9,30,23,7,5.166666666666667,8,1
9,24,28,8,5.0,10,1
