#,Player Wins,Banker Wins,Ties,Avg Diff,Max Diff,Min Diff
34,32,23,5,10.166666666666666,16,4
34,30,22,8,6.777777777777778,12,1
34,20,31,9,6.1,13,1
34,24,28,8,6.777777777777778,26,1
34,24,29,7,7.625,17,1
34,30,26,4,12.2,45,2
34,31,23,6,8.714285714285714,15,2
34,27,28,5,10.166666666666666,23,1
34,30,24,6,8.714285714285714,17,3
34,25,32,3,15.25,38,5
