#,Player Wins,Banker Wins,Ties,Avg Diff,Max Diff,Min Diff
2,23,32,5,8.75,19,1
2,24,28,8,4.571428571428571,7,2
2,24,29,7,8.333333333333334,21,4
2,26,29,5,13.0,30,1
2,31,27,2,1.0,1,1
2,27,24,9,6.25,15,2
2,25,25,10,6.333333333333333,25,1
2,29,27,4,13.666666666666666,19,5
2,37,20,3,4.0,6,2
2,24,27,9,5.875,12,2
