#,Player Wins,Banker Wins,Ties,Avg Diff,Max Diff,Min Diff
19,31,24,5,13.0,21,4
19,20,30,10,4.222222222222222,13,1
19,27,28,5,12.75,28,1
19,22,29,9,3.75,8,1
19,29,24,7,6.666666666666667,10,3
19,17,37,6,10.0,20,2
19,31,25,4,17.0,21,13
19,31,23,6,10.0,18,1
19,24,31,5,10.5,27,2
19,24,31,5,13.75,43,2
