#,Player Wins,Banker Wins,Ties,Avg Diff,Max Diff,Min Diff
32,23,34,3,23.5,34,13
32,23,30,7,8.666666666666666,26,2
32,29,26,5,8.25,20,3
32,30,24,6,9.8,16,5
32,28,27,5,13.75,40,1
32,24,31,5,14.5,41,2
32,22,34,4,17.0,35,2
32,28,27,5,10.75,19,4
32,25,31,4,10.666666666666666,20,3
32,25,30,5,9.75,21,2
