#,Player Wins,Banker Wins,Ties,Avg Diff,Max Diff,Min Diff
41,37,20,3,15.25,36,2
41,29,29,2,20.333333333333332,30,3
41,34,18,8,6.777777777777778,13,2
41,24,28,8,6.777777777777778,20,2
41,22,31,7,7.625,17,1
41,29,26,5,10.166666666666666,20,4
41,28,24,8,6.777777777777778,21,1
41,22,29,9,6.1,18,1
41,25,32,3,15.25,40,7
41,34,24,2,20.333333333333332,39,1
