#,Player Wins,Banker Wins,Ties,Avg Diff,Max Diff,Min Diff
17,31,25,4,12.2,29,5
17,31,21,8,6.777777777777778,14,2
17,30,26,4,12.2,34,1
17,23,31,6,8.714285714285714,25,2
17,22,34,4,12.2,19,5
17,24,28,8,6.777777777777778,18,1
17,23,30,7,7.625,22,1
17,32,24,4,12.2,30,1
17,25,25,10,5.545454545454546,21,1
17,30,24,6,8.714285714285714,29,1
