#,Player Wins,Banker Wins,Ties,Avg Diff,Max Diff,Min Diff
11,25,29,6,10.8,20,3
11,32,24,4,3.0,5,1
11,26,26,8,7.285714285714286,17,1
11,27,22,11,3.6,10,1
11,19,32,9,6.375,15,1
11,30,26,4,13.666666666666666,25,8
11,31,25,4,9.333333333333334,17,1
11,26,30,4,11.666666666666666,16,3
11,30,26,4,11.666666666666666,18,1
11,23,30,7,7.833333333333333,16,2
