#,Player Wins,Banker Wins,Ties,Avg Diff,Max Diff,Min Diff
15,23,32,5,12.25,16,10
15,32,24,4,13.0,23,4
15,26,29,5,9.75,18,3
15,22,31,7,7.0,13,1
15,28,30,2,14.0,14,14
15,32,21,7,8.0,19,3
15,27,26,7,8.166666666666666,26,1
15,26,25,9,6.0,9,1
15,29,25,6,8.8,23,1
15,24,29,7,8.833333333333334,22,1
