#,Player Wins,Banker Wins,Ties,Avg Diff,Max Diff,Min Diff
9,32,25,3,15.25,30,4
9,28,26,6,8.714285714285714,16,1
9,26,33,1,30.5,55,6
9,26,29,5,10.166666666666666,23,3
9,22,30,8,6.777777777777778,23,1
9,27,26,7,7.625,24,1
9,20,31,9,6.1,23,1
9,21,32,7,7.625,20,1
9,24,29,7,7.625,21,1
9,25,27,8,6.777777777777778,18,1
