#,Player Wins,Banker Wins,Ties,Avg Diff,Max Diff,Min Diff
8,30,27,3,3.5,6,1
8,31,23,6,8.2,16,2
8,30,26,4,15.0,31,4
8,20,34,6,6.4,11,3
8,27,26,7,8.333333333333334,32,1
8,27,26,7,6.5,9,2
8,27,29,4,18.0,33,1
8,24,30,6,10.4,34,1
8,25,30,5,9.0,14,6
8,27,25,8,7.857142857142857,21,1
