#,Player Wins,Banker Wins,Ties,Avg Diff,Max Diff,Min Diff
14,26,30,4,12.2,36,1
14,32,24,4,12.2,29,2
14,25,31,4,12.2,31,1
14,24,28,8,6.777777777777778,17,1
14,31,21,8,6.777777777777778,15,1
14,22,31,7,7.625,21,1
14,28,26,6,8.714285714285714,23,1
14,19,31,10,5.545454545454546,19,1
14,24,30,6,8.714285714285714,17,3
14,26,29,5,10.166666666666666,24,3
