#,Player Wins,Banker Wins,Ties,Avg Diff,Max Diff,Min Diff
17,23,27,10,5.545454545454546,23,1
17,24,30,6,8.714285714285714,21,3
17,31,28,1,30.5,37,24
17,26,29,5,10.166666666666666,22,2
17,25,28,7,7.625,17,1
17,26,28,6,8.714285714285714,22,1
17,22,35,3,15.25,35,4
17,20,34,6,8.714285714285714,21,2
17,32,25,3,15.25,24,6
17,29,26,5,10.166666666666666,24,1
