#,Player Wins,Banker Wins,Ties,Avg Diff,Max Diff,Min Diff
38,31,23,6,9.0,14,3
38,25,29,6,8.0,17,1
38,25,25,10,6.444444444444445,14,1
38,26,19,15,3.642857142857143,10,1
38,30,24,6,9.8,17,5
38,24,28,8,6.714285714285714,13,2
38,26,31,3,6.5,10,3
38,22,30,8,7.857142857142857,16,1
38,26,26,8,6.714285714285714,20,1
38,30,25,5,11.5,32,2
