#,Player Wins,Banker Wins,Ties,Avg Diff,Max Diff,Min Diff
17,29,28,3,16.0,17,15
17,28,28,4,12.333333333333334,16,6
17,26,26,8,5.714285714285714,13,1
17,26,27,7,7.333333333333333,24,1
17,24,30,6,3.4,7,1
17,29,27,4,13.0,26,4
17,32,21,7,8.333333333333334,21,1
17,26,25,9,5.75,18,1
17,26,30,4,10.0,16,3
17,31,25,4,13.333333333333334,23,8
