#,Player Wins,Banker Wins,Ties,Avg Diff,Max Diff,Min Diff
44,27,26,7,7.625,31,1
44,25,33,2,20.333333333333332,25,14
44,30,25,5,10.166666666666666,19,2
44,27,27,6,8.714285714285714,23,1
44,25,31,4,12.2,46,3
44,28,28,4,12.2,19,5
44,34,24,2,20.333333333333332,54,2
44,29,27,4,12.2,26,2
44,29,25,6,8.714285714285714,21,1
44,24,32,4,12.2,34,3
