#,Player Wins,Banker Wins,Ties,Avg Diff,Max Diff,Min Diff
38,30,24,6,8.714285714285714,30,1
38,23,36,1,30.5,51,10
38,25,28,7,7.625,21,1
38,24,28,8,6.777777777777778,20,1
38,32,25,3,15.25,24,9
38,34,21,5,10.166666666666666,24,3
38,22,30,8,6.777777777777778,19,1
38,42,18,0,61.0,61,61
38,31,24,5,10.166666666666666,19,2
38,23,35,2,20.333333333333332,47,7
