#,Player Wins,Banker Wins,Ties,Avg Diff,Max Diff,Min Diff
28,29,22,9,6.1,19,1
28,34,20,6,8.714285714285714,18,1
28,24,28,8,6.777777777777778,20,1
28,26,29,5,10.166666666666666,17,4
28,28,29,3,15.25,40,5
28,26,31,3,15.25,19,7
28,25,28,7,7.625,18,1
28,28,26,6,8.714285714285714,29,1
28,23,36,1,30.5,44,17
28,30,25,5,10.166666666666666,28,2
