#,Player Wins,Banker Wins,Ties,Avg Diff,Max Diff,Min Diff
47,24,28,8,6.777777777777778,20,1
47,23,30,7,7.625,17,1
47,24,28,8,6.777777777777778,15,2
47,30,26,4,12.2,33,3
47,28,27,5,10.166666666666666,17,2
47,22,30,8,6.777777777777778,21,1
47,34,21,5,10.166666666666666,45,1
47,25,31,4,12.2,32,3
47,22,26,12,4.6923076923076925,14,1
47,20,34,6,8.714285714285714,21,2
