#,Player Wins,Banker Wins,Ties,Avg Diff,Max Diff,Min Diff
5,27,30,3,15.25,24,6
5,23,32,5,10.166666666666666,20,3
5,27,28,5,10.166666666666666,22,2
5,27,25,8,6.777777777777778,12,1
5,28,24,8,6.777777777777778,18,1
5,28,23,9,6.1,15,1
5,21,32,7,7.625,31,1
5,24,29,7,7.625,26,1
5,30,27,3,15.25,24,9
5,30,24,6,8.714285714285714,24,1
