#,Player Wins,Banker Wins,Ties,Avg Diff,Max Diff,Min Diff
24,26,30,4,14.0,21,2
24,30,24,6,9.8,22,1
24,26,29,5,12.25,33,1
24,29,27,4,16.0,21,12
24,26,31,3,12.0,21,3
24,25,27,8,7.571428571428571,16,1
24,31,20,9,6.75,12,2
24,26,31,3,6.0,7,5
24,28,28,4,16.333333333333332,36,6
24,24,29,7,7.833333333333333,19,1
