#,Player Wins,Banker Wins,Ties,Avg Diff,Max Diff,Min Diff
26,30,24,6,8.714285714285714,14,5
26,30,26,4,12.2,31,1
26,26,25,9,6.1,23,1
26,22,33,5,10.166666666666666,18,2
26,31,24,5,10.166666666666666,31,2
26,23,33,4,12.2,25,4
26,29,28,3,15.25,48,2
26,25,29,6,8.714285714285714,23,1
26,23,29,8,6.777777777777778,14,1
26,31,24,5,10.166666666666666,43,1
