#,Player Wins,Banker Wins,Ties,Avg Diff,Max Diff,Min Diff
20,27,26,7,7.625,19,1
20,28,27,5,10.166666666666666,31,1
20,26,28,6,8.714285714285714,35,1
20,29,25,6,8.714285714285714,13,3
20,27,27,6,8.714285714285714,17,4
20,34,24,2,20.333333333333332,37,9
20,30,24,6,8.714285714285714,19,1
20,25,26,9,6.1,19,1
20,33,22,5,10.166666666666666,20,2
20,30,21,9,6.1,16,1
