#,Player Wins,Banker Wins,Ties,Avg Diff,Max Diff,Min Diff
37,27,26,7,7.625,21,1
37,26,28,6,8.714285714285714,19,2
37,25,25,10,5.545454545454546,11,1
37,27,24,9,6.1,12,1
37,29,23,8,6.777777777777778,13,1
37,31,23,6,8.714285714285714,16,3
37,22,33,5,10.166666666666666,26,4
37,25,29,6,8.714285714285714,22,2
37,28,27,5,10.166666666666666,31,2
37,29,28,3,15.25,25,2
