#,Player Wins,Banker Wins,Ties,Avg Diff,Max Diff,Min Diff
38,33,21,6,8.714285714285714,19,2
38,29,24,7,7.625,19,4
38,24,31,5,10.166666666666666,23,4
38,23,31,6,8.714285714285714,13,3
38,24,27,9,6.1,11,2
38,30,24,6,8.714285714285714,17,3
38,35,22,3,15.25,31,3
38,28,27,5,10.166666666666666,24,3
38,29,26,5,10.166666666666666,21,1
38,27,27,6,8.714285714285714,18,1
