#,Player Wins,Banker Wins,Ties,Avg Diff,Max Diff,Min Diff
19,26,24,10,5.545454545454546,14,1
19,24,29,7,7.625,23,1
19,28,27,5,10.166666666666666,24,3
19,27,27,6,8.714285714285714,28,1
19,27,26,7,7.625,17,1
19,28,28,4,12.2,29,6
19,27,28,5,10.166666666666666,24,1
19,23,28,9,6.1,16,1
19,24,33,3,15.25,25,11
19,26,25,9,6.1,23,1
