#,Player Wins,Banker Wins,Ties,Avg Diff,Max Diff,Min Diff
7,33,22,5,9.0,20,2
7,27,29,4,14.333333333333334,33,3
7,20,36,4,17.333333333333332,37,1
7,28,25,7,8.833333333333334,26,1
7,29,26,5,10.75,16,4
7,28,25,7,8.5,22,1
7,24,31,5,8.0,14,2
7,28,30,2,19.0,19,19
7,25,29,6,8.8,18,3
7,28,23,9,5.75,11,1
