#,Player Wins,Banker Wins,Ties,Avg Diff,Max Diff,Min Diff
21,31,24,5,12.25,30,1
21,23,30,7,7.166666666666667,13,1
21,22,30,8,7.0,24,1
21,21,31,8,5.571428571428571,13,1
21,29,22,9,6.5,13,1
21,32,23,5,12.25,25,3
21,28,25,7,9.0,27,1
21,34,23,3,5.0,7,3
21,25,30,5,9.75,20,2
21,35,22,3,25.0,42,8
