#,Player Wins,Banker Wins,Ties,Avg Diff,Max Diff,Min Diff
22,22,34,4,12.2,23,4
22,26,29,5,10.166666666666666,20,3
22,27,26,7,7.625,22,1
22,33,22,5,10.166666666666666,15,4
22,29,24,7,7.625,14,1
22,20,33,7,7.625,24,1
22,23,28,9,6.1,12,1
22,25,32,3,15.25,23,11
22,33,24,3,15.25,29,3
22,25,26,9,6.1,14,1
