#,Player Wins,Banker Wins,Ties,Avg Diff,Max Diff,Min Diff
8,24,31,5,12.25,27,3
8,23,30,7,9.333333333333334,19,1
8,29,26,5,8.25,13,3
8,25,30,5,7.75,11,5
8,20,35,5,9.75,28,1
8,25,25,10,5.666666666666667,15,1
8,27,28,5,12.75,27,2
8,30,23,7,8.166666666666666,12,2
8,25,29,6,10.2,18,3
8,21,35,4,8.333333333333334,18,2
