#,Player Wins,Banker Wins,Ties,Avg Diff,Max Diff,Min Diff
39,30,24,6,9.2,27,4
39,22,33,5,10.75,15,2
39,25,29,6,11.4,27,5
39,32,23,5,13.25,28,5
39,27,28,5,10.5,18,3
39,34,21,5,11.0,19,4
39,26,28,6,8.6,16,3
39,24,32,4,16.333333333333332,23,6
39,23,30,7,8.666666666666666,21,1
39,28,27,5,8.5,23,3
