#,Player Wins,Banker Wins,Ties,Avg Diff,Max Diff,Min Diff
19,31,24,5,10.166666666666666,21,1
19,33,22,5,10.166666666666666,18,4
19,26,28,6,8.714285714285714,18,2
19,26,32,2,20.333333333333332,38,10
19,27,31,2,20.333333333333332,46,4
19,27,31,2,20.333333333333332,39,4
19,21,35,4,12.2,26,5
19,24,32,4,12.2,24,3
19,32,20,8,6.777777777777778,20,1
19,27,31,2,20.333333333333332,24,15
