#,Player Wins,Banker Wins,Ties,Avg Diff,Max Diff,Min Diff
26,26,26,8,7.571428571428571,25,1
26,28,28,4,15.0,27,5
26,32,23,5,10.25,15,4
26,27,26,7,6.833333333333333,16,1
26,25,31,4,16.0,20,9
26,29,25,6,9.4,14,1
26,23,34,3,13.0,25,1
26,25,28,7,9.166666666666666,15,4
26,28,28,4,13.0,21,6
26,23,27,10,4.333333333333333,13,2
