#,Player Wins,Banker Wins,Ties,Avg Diff,Max Diff,Min Diff
17,33,22,5,9.0,23,3
17,22,29,9,4.125,14,1
17,28,24,8,8.142857142857142,18,1
17,27,26,7,5.666666666666667,9,2
17,26,25,9,5.5,13,1
17,18,31,11,5.5,9,3
17,31,23,6,11.0,31,3
17,22,34,4,11.333333333333334,20,5
17,21,35,4,18.0,41,3
17,36,20,4,11.0,20,4
