#,Player Wins,Banker Wins,Ties,Avg Diff,Max Diff,Min Diff
25,30,25,5,10.166666666666666,22,3
25,21,30,9,6.1,13,1
25,29,23,8,6.777777777777778,13,4
25,27,29,4,12.2,31,1
25,32,23,5,10.166666666666666,23,2
25,27,25,8,6.777777777777778,11,3
25,20,29,11,5.083333333333333,17,1
25,28,28,4,12.2,35,4
25,29,30,1,30.5,43,18
25,22,36,2,20.333333333333332,43,6
