#,Player Wins,Banker Wins,Ties,Avg Diff,Max Diff,Min Diff
11,29,24,7,8.833333333333334,24,2
11,36,20,4,17.333333333333332,32,9
11,24,27,9,6.75,15,1
11,23,27,10,6.222222222222222,14,1
11,24,24,12,4.7272727272727275,9,1
11,26,32,2,49.0,49,49
11,22,35,3,9.0,9,9
11,26,25,9,6.0,12,1
11,20,35,5,12.75,38,3
11,20,30,10,6.0,16,1
