#,Player Wins,Banker Wins,Ties,Avg Diff,Max Diff,Min Diff
22,17,36,7,7.625,15,3
22,28,25,7,7.625,18,2
22,22,33,5,10.166666666666666,28,2
22,23,30,7,7.625,18,1
22,24,32,4,12.2,20,7
22,32,19,9,6.1,20,2
22,23,30,7,7.625,17,2
22,24,31,5,10.166666666666666,25,1
22,35,23,2,20.333333333333332,38,11
22,28,24,8,6.777777777777778,17,1
