#,Player Wins,Banker Wins,Ties,Avg Diff,Max Diff,Min Diff
47,24,31,5,10.166666666666666,36,2
47,18,32,10,5.545454545454546,17,1
47,29,26,5,10.166666666666666,25,1
47,20,37,3,15.25,31,4
47,21,32,7,7.625,16,2
47,27,25,8,6.777777777777778,20,1
47,19,33,8,6.777777777777778,17,2
47,28,24,8,6.777777777777778,16,1
47,28,25,7,7.625,16,1
47,19,34,7,7.625,30,2
