#,Player Wins,Banker Wins,Ties,Avg Diff,Max Diff,Min Diff
48,30,23,7,7.833333333333333,13,3
48,29,25,6,8.4,19,1
48,20,37,3,22.5,36,9
48,26,29,5,12.0,35,3
48,29,26,5,9.0,24,1
48,26,26,8,4.428571428571429,16,1
48,27,28,5,11.25,34,1
48,25,27,8,5.571428571428571,14,1
48,29,27,4,2.3333333333333335,4,1
48,26,30,4,12.666666666666666,21,5
