#,Player Wins,Banker Wins,Ties,Avg Diff,Max Diff,Min Diff
19,23,29,8,6.777777777777778,16,2
19,28,25,7,7.625,17,2
19,29,30,1,30.5,37,24
19,14,36,10,5.545454545454546,15,1
19,33,18,9,6.1,11,2
19,26,28,6,8.714285714285714,22,1
19,23,30,7,7.625,16,1
19,23,29,8,6.777777777777778,19,1
19,18,37,5,10.166666666666666,27,1
19,31,25,4,12.2,33,3
