#,Player Wins,Banker Wins,Ties,Avg Diff,Max Diff,Min Diff
40,25,32,3,13.5,17,10
40,31,24,5,12.75,36,2
40,30,26,4,10.333333333333334,14,7
40,25,29,6,6.6,16,1
40,23,30,7,7.333333333333333,16,2
40,24,34,2,10.0,10,10
40,21,34,5,7.75,12,3
40,24,31,5,9.25,22,2
40,28,25,7,6.166666666666667,14,1
40,21,32,7,7.5,16,2
