#,Player Wins,Banker Wins,Ties,Avg Diff,Max Diff,Min Diff
6,26,28,6,6.0,7,4
6,20,32,8,7.571428571428571,16,1
6,28,28,4,11.0,17,3
6,21,34,5,9.25,21,4
6,21,33,6,9.6,16,3
6,28,26,6,11.0,27,2
6,31,24,5,9.5,15,3
6,26,31,3,15.0,22,8
6,23,34,3,17.5,23,12
6,26,27,7,9.833333333333334,21,1
