#,Player Wins,Banker Wins,Ties,Avg Diff,Max Diff,Min Diff
39,25,28,7,9.666666666666666,13,7
39,31,23,6,8.4,16,1
39,27,28,5,10.0,19,1
39,25,29,6,10.0,19,3
39,24,32,4,9.666666666666666,16,5
39,26,27,7,9.5,16,1
39,29,24,7,8.5,12,3
39,25,30,5,9.5,13,6
39,23,25,12,4.636363636363637,11,1
39,29,26,5,13.0,22,3
