#,Player Wins,Banker Wins,Ties,Avg Diff,Max Diff,Min Diff
23,27,27,6,8.714285714285714,14,4
23,27,28,5,10.166666666666666,27,1
23,25,28,7,7.625,20,1
23,24,29,7,7.625,21,1
23,24,30,6,8.714285714285714,27,1
23,30,25,5,10.166666666666666,20,1
23,28,28,4,12.2,31,1
23,30,23,7,7.625,18,2
23,25,32,3,15.25,36,1
23,33,21,6,8.714285714285714,18,1
