#,Player Wins,Banker Wins,Ties,Avg Diff,Max Diff,Min Diff
46,26,30,4,12.2,26,3
46,19,29,12,4.6923076923076925,13,1
46,23,29,8,6.777777777777778,19,1
46,20,35,5,10.166666666666666,17,3
46,27,31,2,20.333333333333332,35,10
46,19,32,9,6.1,13,1
46,33,24,3,15.25,46,2
46,26,24,10,5.545454545454546,11,2
46,28,25,7,7.625,23,1
46,31,24,5,10.166666666666666,18,1
