#,Player Wins,Banker Wins,Ties,Avg Diff,Max Diff,Min Diff
35,27,21,12,3.1818181818181817,7,1
35,26,28,6,8.2,22,3
35,23,31,6,8.8,17,1
35,20,32,8,7.285714285714286,23,3
35,26,30,4,7.666666666666667,13,4
35,22,32,6,11.2,19,5
35,31,23,6,10.4,26,3
35,22,33,5,6.75,8,4
35,26,29,5,8.0,12,5
35,22,32,6,8.4,19,1
