#,Player Wins,Banker Wins,Ties,Avg Diff,Max Diff,Min Diff
49,29,25,6,8.714285714285714,29,1
49,31,27,2,20.333333333333332,31,12
49,32,24,4,12.2,28,5
49,31,22,7,7.625,10,5
49,25,31,4,12.2,35,1
49,26,26,8,6.777777777777778,18,1
49,31,22,7,7.625,16,1
49,28,28,4,12.2,31,1
49,30,22,8,6.777777777777778,17,1
49,31,18,11,5.083333333333333,12,1
