#,Player Wins,Banker Wins,Ties,Avg Diff,Max Diff,Min Diff
28,28,28,4,12.2,31,6
28,35,22,3,15.25,49,3
28,31,24,5,10.166666666666666,25,1
28,22,30,8,6.777777777777778,26,1
28,26,26,8,6.777777777777778,19,2
28,28,23,9,6.1,26,1
28,24,36,0,61.0,61,61
28,26,28,6,8.714285714285714,25,2
28,25,28,7,7.625,24,1
28,24,32,4,12.2,23,5
