#,Player Wins,Banker Wins,Ties,Avg Diff,Max Diff,Min Diff
29,21,35,4,12.2,49,1
29,29,22,9,6.1,11,2
29,29,20,11,5.083333333333333,13,1
29,23,31,6,8.714285714285714,26,3
29,25,30,5,10.166666666666666,22,3
29,28,28,4,12.2,42,4
29,23,34,3,15.25,32,3
29,23,31,6,8.714285714285714,24,3
29,27,27,6,8.714285714285714,23,2
29,29,25,6,8.714285714285714,23,2
