#,Player Wins,Banker Wins,Ties,Avg Diff,Max Diff,Min Diff
35,30,25,5,10.166666666666666,22,3
35,24,33,3,15.25,40,3
35,25,30,5,10.166666666666666,24,2
35,27,31,2,20.333333333333332,53,3
35,32,22,6,8.714285714285714,23,2
35,23,30,7,7.625,17,2
35,20,34,6,8.714285714285714,26,1
35,28,24,8,6.777777777777778,16,4
35,28,28,4,12.2,30,1
35,26,30,4,12.2,22,5
