#,Player Wins,Banker Wins,Ties,Avg Diff,Max Diff,Min Diff
45,22,28,10,5.545454545454546,23,1
45,26,29,5,10.166666666666666,24,2
45,18,36,6,8.714285714285714,16,2
45,21,35,4,12.2,20,1
45,25,29,6,8.714285714285714,32,1
45,25,28,7,7.625,13,2
45,28,26,6,8.714285714285714,24,1
45,31,27,2,20.333333333333332,51,2
45,27,30,3,15.25,29,1
45,27,28,5,10.166666666666666,19,1
