#,Player Wins,Banker Wins,Ties,Avg Diff,Max Diff,Min Diff
23,25,28,7,8.833333333333334,20,2
23,22,32,6,10.0,21,1
23,25,28,7,6.333333333333333,17,2
23,26,28,6,7.8,11,6
23,24,28,8,7.571428571428571,34,1
23,23,30,7,7.5,15,1
23,29,25,6,4.8,11,1
23,23,31,6,11.6,20,7
23,22,31,7,7.833333333333333,19,2
23,31,22,7,6.166666666666667,11,3
