#,Player Wins,Banker Wins,Ties,Avg Diff,Max Diff,Min Diff
42,26,28,6,8.714285714285714,18,1
42,27,25,8,6.777777777777778,19,1
42,20,38,2,20.333333333333332,27,10
42,27,25,8,6.777777777777778,10,1
42,36,21,3,15.25,38,2
42,33,21,6,8.714285714285714,21,3
42,26,30,4,12.2,29,7
42,26,28,6,8.714285714285714,19,3
42,27,27,6,8.714285714285714,15,5
42,25,28,7,7.625,18,1
