#,Player Wins,Banker Wins,Ties,Avg Diff,Max Diff,Min Diff
29,27,25,8,6.857142857142857,14,1
29,27,25,8,8.0,14,2
29,21,30,9,5.625,12,1
29,29,27,4,18.666666666666668,22,14
29,23,32,5,12.25,28,1
29,33,20,7,7.333333333333333,27,1
29,32,21,7,8.5,22,3
29,28,26,6,10.4,18,5
29,32,21,7,9.166666666666666,20,1
29,21,33,6,11.0,15,3
