#,Player Wins,Banker Wins,Ties,Avg Diff,Max Diff,Min Diff
41,30,28,2,20.333333333333332,23,19
41,33,25,2,20.333333333333332,33,7
41,27,29,4,12.2,24,1
41,21,32,7,7.625,16,1
41,30,22,8,6.777777777777778,12,2
41,24,30,6,8.714285714285714,24,2
41,22,32,6,8.714285714285714,23,1
41,26,28,6,8.714285714285714,21,1
41,27,28,5,10.166666666666666,24,1
41,21,30,9,6.1,12,1
