#,Player Wins,Banker Wins,Ties,Avg Diff,Max Diff,Min Diff
22,31,26,3,15.25,35,4
22,26,30,4,12.2,22,5
22,18,32,10,5.545454545454546,17,1
22,33,21,6,8.714285714285714,30,1
22,27,30,3,15.25,38,3
22,28,26,6,8.714285714285714,20,2
22,30,22,8,6.777777777777778,18,1
22,23,33,4,12.2,26,1
22,30,20,10,5.545454545454546,18,1
22,20,35,5,10.166666666666666,20,4
