#,Player Wins,Banker Wins,Ties,Avg Diff,Max Diff,Min Diff
2,29,29,2,42.0,42,42
2,24,33,3,13.0,21,5
2,31,26,3,22.0,26,18
2,23,31,6,9.4,15,5
2,28,23,9,6.125,16,1
2,21,31,8,6.714285714285714,13,1
2,29,27,4,14.666666666666666,17,11
2,34,23,3,15.5,24,7
2,26,25,9,5.125,17,1
2,25,29,6,5.2,10,1
