#,Player Wins,Banker Wins,Ties,Avg Diff,Max Diff,Min Diff
4,29,24,7,7.166666666666667,16,1
4,20,33,7,5.833333333333333,13,1
4,24,27,9,4.875,12,1
4,27,28,5,13.0,29,4
4,26,27,7,6.5,17,1
4,24,34,2,8.0,8,8
4,27,30,3,23.5,45,2
4,26,29,5,8.25,14,1
4,30,23,7,9.0,24,2
4,29,29,2,5.0,5,5
