#,Player Wins,Banker Wins,Ties,Avg Diff,Max Diff,Min Diff
31,26,29,5,10.166666666666666,27,1
31,26,32,2,20.333333333333332,28,6
31,25,26,9,6.1,16,1
31,34,22,4,12.2,24,1
31,24,26,10,5.545454545454546,8,3
31,23,31,6,8.714285714285714,20,1
31,24,28,8,6.777777777777778,23,1
31,31,26,3,15.25,26,2
31,29,26,5,10.166666666666666,18,2
31,20,37,3,15.25,25,4
