#,Player Wins,Banker Wins,Ties,Avg Diff,Max Diff,Min Diff
2,26,30,4,15.333333333333334,36,2
2,27,30,3,10.5,13,8
2,34,25,1,0,0,0
2,29,25,6,7.6,13,2
2,29,25,6,8.4,16,4
2,29,24,7,8.666666666666666,17,1
2,26,29,5,13.25,38,4
2,28,26,6,6.4,10,2
2,22,29,9,7.25,15,1
2,26,28,6,10.0,15,4
