#,Player Wins,Banker Wins,Ties,Avg Diff,Max Diff,Min Diff
23,30,26,4,12.2,21,4
23,26,27,7,7.625,16,1
23,27,27,6,8.714285714285714,19,1
23,28,23,9,6.1,16,1
23,26,27,7,7.625,18,1
23,20,33,7,7.625,14,1
23,24,30,6,8.714285714285714,23,2
23,29,30,1,30.5,46,15
23,18,35,7,7.625,19,1
23,23,35,2,20.333333333333332,38,9
