#,Player Wins,Banker Wins,Ties,Avg Diff,Max Diff,Min Diff
6,28,29,3,15.25,25,1
6,28,27,5,10.166666666666666,19,1
6,29,30,1,30.5,45,16
6,22,32,6,8.714285714285714,19,2
6,25,30,5,10.166666666666666,23,1
6,24,35,1,30.5,46,15
6,31,20,9,6.1,14,1
6,29,27,4,12.2,22,2
6,28,26,6,8.714285714285714,19,3
6,20,33,7,7.625,11,2
