#,Player Wins,Banker Wins,Ties,Avg Diff,Max Diff,Min Diff
7,25,30,5,10.166666666666666,22,2
7,27,28,5,10.166666666666666,21,1
7,26,30,4,12.2,30,4
7,24,26,10,5.545454545454546,17,1
7,23,34,3,15.25,38,2
7,30,26,4,12.2,29,1
7,25,29,6,8.714285714285714,22,1
7,30,26,4,12.2,24,2
7,28,24,8,6.777777777777778,21,3
7,25,28,7,7.625,18,1
