#,Player Wins,Banker Wins,Ties,Avg Diff,Max Diff,Min Diff
21,25,32,3,16.0,17,15
21,31,25,4,7.0,8,6
21,24,28,8,5.857142857142857,9,3
21,20,36,4,16.666666666666668,31,8
21,34,21,5,4.5,11,1
21,34,24,2,1.0,1,1
21,30,26,4,12.666666666666666,22,2
21,30,26,4,7.333333333333333,14,3
21,27,28,5,12.75,21,3
21,23,31,6,10.8,32,2
