#,Player Wins,Banker Wins,Ties,Avg Diff,Max Diff,Min Diff
36,23,30,7,7.625,14,2
36,33,24,3,15.25,23,3
36,22,32,6,8.714285714285714,21,1
36,32,26,2,20.333333333333332,21,20
36,24,31,5,10.166666666666666,27,2
36,26,25,9,6.1,13,1
36,25,29,6,8.714285714285714,29,1
36,21,35,4,12.2,17,3
36,25,27,8,6.777777777777778,21,1
36,19,34,7,7.625,23,1
