#,Player Wins,Banker Wins,Ties,Avg Diff,Max Diff,Min Diff
11,26,27,7,7.625,17,1
11,27,24,9,6.1,23,1
11,26,31,3,15.25,49,2
11,24,31,5,10.166666666666666,26,1
11,27,27,6,8.714285714285714,23,1
11,22,33,5,10.166666666666666,32,4
11,19,33,8,6.777777777777778,12,1
11,28,28,4,12.2,20,5
11,32,23,5,10.166666666666666,19,6
11,31,25,4,12.2,31,3
