#,Player Wins,Banker Wins,Ties,Avg Diff,Max Diff,Min Diff
6,20,28,12,4.6923076923076925,16,1
6,26,27,7,7.625,15,3
6,31,27,2,20.333333333333332,31,2
6,25,25,10,5.545454545454546,13,1
6,21,34,5,10.166666666666666,30,1
6,20,31,9,6.1,16,2
6,27,28,5,10.166666666666666,18,3
6,26,30,4,12.2,18,3
6,18,33,9,6.1,13,1
6,24,28,8,6.777777777777778,22,1
