#,Player Wins,Banker Wins,Ties,Avg Diff,Max Diff,Min Diff
39,25,27,8,6.777777777777778,12,1
39,30,27,3,15.25,23,4
39,30,25,5,10.166666666666666,19,2
39,29,26,5,10.166666666666666,25,5
39,28,25,7,7.625,23,2
39,30,28,2,20.333333333333332,52,1
39,31,24,5,10.166666666666666,21,2
39,27,25,8,6.777777777777778,12,1
39,27,24,9,6.1,18,1
39,25,32,3,15.25,32,4
