#,Player Wins,Banker Wins,Ties,Avg Diff,Max Diff,Min Diff
24,30,23,7,7.625,31,1
24,28,27,5,10.166666666666666,26,1
24,27,26,7,7.625,26,2
24,23,29,8,6.777777777777778,14,2
24,34,16,10,5.545454545454546,13,1
24,28,28,4,12.2,16,8
24,31,27,2,20.333333333333332,46,6
24,30,24,6,8.714285714285714,25,1
24,30,25,5,10.166666666666666,27,1
24,29,25,6,8.714285714285714,28,1
