#,Player Wins,Banker Wins,Ties,Avg Diff,Max Diff,Min Diff
36,25,31,4,12.2,28,2
36,28,28,4,12.2,21,3
36,30,22,8,6.777777777777778,16,1
36,24,29,7,7.625,29,1
36,32,24,4,12.2,27,3
36,28,27,5,10.166666666666666,22,1
36,28,25,7,7.625,33,1
36,26,32,2,20.333333333333332,27,9
36,22,32,6,8.714285714285714,19,4
36,26,27,7,7.625,18,1
