#,Player Wins,Banker Wins,Ties,Avg Diff,Max Diff,Min Diff
32,28,22,10,5.545454545454546,15,1
32,27,29,4,12.2,24,3
32,24,30,6,8.714285714285714,16,2
32,19,34,7,7.625,17,1
32,23,25,12,4.6923076923076925,14,1
32,35,22,3,15.25,30,3
32,23,24,13,4.357142857142857,13,1
32,17,38,5,10.166666666666666,23,1
32,30,26,4,12.2,39,1
32,24,27,9,6.1,18,1
