#,Player Wins,Banker Wins,Ties,Avg Diff,Max Diff,Min Diff
48,25,30,5,10.166666666666666,19,2
48,22,34,4,12.2,35,1
48,25,28,7,7.625,29,1
48,31,24,5,10.166666666666666,19,3
48,27,26,7,7.625,17,1
48,26,28,6,8.714285714285714,17,1
48,31,25,4,12.2,33,2
48,26,33,1,30.5,43,18
48,28,28,4,12.2,28,3
48,20,32,8,6.777777777777778,18,1
