#,Player Wins,Banker Wins,Ties,Avg Diff,Max Diff,Min Diff
5,26,30,4,19.0,46,5
5,23,28,9,7.125,12,3
5,31,23,6,10.6,16,2
5,22,32,6,6.0,19,1
5,25,25,10,5.222222222222222,19,1
5,33,21,6,7.2,25,1
5,22,31,7,7.0,12,1
5,24,33,3,9.0,17,1
5,27,26,7,9.333333333333334,19,1
5,27,28,5,10.25,33,1
