#,Player Wins,Banker Wins,Ties,Avg Diff,Max Diff,Min Diff
17,25,29,6,8.714285714285714,23,2
17,29,25,6,8.714285714285714,19,3
17,27,28,5,10.166666666666666,25,4
17,28,28,4,12.2,22,4
17,29,27,4,12.2,26,2
17,27,30,3,15.25,37,2
17,35,23,2,20.333333333333332,30,2
17,25,27,8,6.777777777777778,14,3
17,36,23,1,30.5,55,6
17,26,29,5,10.166666666666666,21,2
