#,Player Wins,Banker Wins,Ties,Avg Diff,Max Diff,Min Diff
33,30,21,9,6.0,15,1
33,23,33,4,11.333333333333334,16,4
33,28,29,3,23.5,25,22
33,23,32,5,6.5,18,1
33,26,25,9,5.125,11,1
33,29,28,3,24.0,42,6
33,23,33,4,6.333333333333333,12,3
33,33,18,9,6.125,18,1
33,21,31,8,6.142857142857143,15,1
33,25,26,9,6.75,17,1
