#,Player Wins,Banker Wins,Ties,Avg Diff,Max Diff,Min Diff
32,30,27,3,15.25,40,2
32,23,33,4,12.2,42,1
32,17,32,11,5.083333333333333,17,1
32,26,25,9,6.1,21,1
32,26,27,7,7.625,16,1
32,30,28,2,20.333333333333332,27,9
32,30,25,5,10.166666666666666,24,4
32,24,30,6,8.714285714285714,19,2
32,25,31,4,12.2,31,1
32,26,24,10,5.545454545454546,13,2
