#,Player Wins,Banker Wins,Ties,Avg Diff,Max Diff,Min Diff
22,27,28,5,10.166666666666666,14,3
22,31,25,4,12.2,26,3
22,28,28,4,12.2,40,2
22,27,29,4,12.2,30,5
22,26,31,3,15.25,25,7
22,25,24,11,5.083333333333333,15,1
22,27,22,11,5.083333333333333,15,1
22,25,26,9,6.1,24,1
22,25,29,6,8.714285714285714,37,1
22,23,30,7,7.625,17,4
