#,Player Wins,Banker Wins,Ties,Avg Diff,Max Diff,Min Diff
10,22,35,3,15.25,45,4
10,28,23,9,6.1,16,1
10,29,25,6,8.714285714285714,35,1
10,27,26,7,7.625,23,2
10,33,19,8,6.777777777777778,31,1
10,25,27,8,6.777777777777778,19,2
10,27,23,10,5.545454545454546,12,1
10,25,29,6,8.714285714285714,18,4
10,27,22,11,5.083333333333333,14,1
10,21,34,5,10.166666666666666,16,5
