#,Player Wins,Banker Wins,Ties,Avg Diff,Max Diff,Min Diff
7,24,31,5,9.75,24,2
7,30,25,5,10.75,18,1
7,29,28,3,15.0,17,13
7,25,28,7,5.666666666666667,9,2
7,27,28,5,11.5,18,4
7,24,30,6,10.2,25,1
7,29,28,3,27.0,49,5
7,24,33,3,7.0,8,6
7,28,24,8,6.142857142857143,13,1
7,28,25,7,7.166666666666667,25,1
