#,Player Wins,Banker Wins,Ties,Avg Diff,Max Diff,Min Diff
42,28,26,6,7.0,20,1
42,24,31,5,8.5,15,2
42,23,30,7,6.333333333333333,18,2
42,30,24,6,9.4,39,1
42,28,26,6,9.8,22,2
42,21,33,6,9.8,17,5
42,19,31,10,6.222222222222222,10,1
42,31,24,5,6.25,9,1
42,24,31,5,7.25,9,4
42,29,23,8,7.571428571428571,17,2
