#,Player Wins,Banker Wins,Ties,Avg Diff,Max Diff,Min Diff
30,19,34,7,7.625,23,1
30,25,29,6,8.714285714285714,17,1
30,20,34,6,8.714285714285714,25,1
30,28,27,5,10.166666666666666,17,1
30,26,27,7,7.625,13,1
30,22,34,4,12.2,27,1
30,32,25,3,15.25,22,6
30,30,26,4,12.2,19,3
30,34,21,5,10.166666666666666,19,7
30,26,29,5,10.166666666666666,19,2
