#,Player Wins,Banker Wins,Ties,Avg Diff,Max Diff,Min Diff
10,28,25,7,7.625,17,1
10,31,24,5,10.166666666666666,27,4
10,28,26,6,8.714285714285714,20,1
10,31,27,2,20.333333333333332,38,7
10,24,28,8,6.777777777777778,16,2
10,27,28,5,10.166666666666666,21,4
10,27,28,5,10.166666666666666,32,1
10,29,25,6,8.714285714285714,26,2
10,25,31,4,12.2,25,6
10,24,28,8,6.777777777777778,25,1
