#,Player Wins,Banker Wins,Ties,Avg Diff,Max Diff,Min Diff
19,30,25,5,13.0,27,4
19,29,25,6,11.6,27,1
19,31,25,4,12.0,20,5
19,23,30,7,9.166666666666666,24,1
19,27,22,11,5.5,10,2
19,34,22,4,17.333333333333332,38,4
19,29,25,6,9.4,25,4
19,23,28,9,6.5,19,1
19,27,27,6,8.4,28,1
19,20,33,7,7.166666666666667,13,2
