#,Player Wins,Banker Wins,Ties,Avg Diff,Max Diff,Min Diff
13,33,23,4,12.2,22,4
13,19,33,8,6.777777777777778,10,1
13,27,24,9,6.1,11,2
13,24,30,6,8.714285714285714,17,3
13,23,33,4,12.2,22,5
13,21,34,5,10.166666666666666,18,4
13,22,26,12,4.6923076923076925,14,1
13,26,26,8,6.777777777777778,15,1
13,27,29,4,12.2,38,5
13,29,26,5,10.166666666666666,30,1
