#,Player Wins,Banker Wins,Ties,Avg Diff,Max Diff,Min Diff
45,23,31,6,8.714285714285714,19,1
45,32,21,7,7.625,18,1
45,23,31,6,8.714285714285714,25,4
45,21,30,9,6.1,15,2
45,25,24,11,5.083333333333333,15,2
45,25,28,7,7.625,17,2
45,23,32,5,10.166666666666666,28,3
45,25,32,3,15.25,37,1
45,28,25,7,7.625,23,2
45,24,31,5,10.166666666666666,25,2
