#,Player Wins,Banker Wins,Ties,Avg Diff,Max Diff,Min Diff
50,30,24,6,7.0,14,2
50,31,23,6,6.2,12,1
50,28,27,5,7.5,11,2
50,23,30,7,8.333333333333334,22,1
50,26,27,7,7.166666666666667,24,2
50,27,29,4,10.0,12,7
50,26,30,4,16.666666666666668,34,1
50,35,20,5,12.5,19,3
50,28,26,6,9.8,17,2
50,20,34,6,7.0,12,1
