#,Player Wins,Banker Wins,Ties,Avg Diff,Max Diff,Min Diff
41,36,20,4,14.333333333333334,25,6
41,26,29,5,13.25,22,8
41,23,33,4,12.333333333333334,17,9
41,24,27,9,6.375,14,1
41,25,30,5,12.25,30,5
41,32,22,6,11.6,26,1
41,28,25,7,7.5,17,2
41,22,32,6,8.8,15,3
41,22,27,11,5.6,11,1
41,24,32,4,6.666666666666667,14,1
