#,Player Wins,Banker Wins,Ties,Avg Diff,Max Diff,Min Diff
26,26,28,6,8.714285714285714,16,2
26,27,28,5,10.166666666666666,22,2
26,25,32,3,15.25,32,3
26,29,27,4,12.2,22,6
26,26,31,3,15.25,47,3
26,23,29,8,6.777777777777778,30,1
26,28,28,4,12.2,30,1
26,22,32,6,8.714285714285714,23,1
26,28,28,4,12.2,35,2
26,27,24,9,6.1,19,1
