#,Player Wins,Banker Wins,Ties,Avg Diff,Max Diff,Min Diff
1,26,26,8,7.142857142857143,16,1
1,27,29,4,14.0,38,2
1,32,21,7,6.833333333333333,11,2
1,31,24,5,8.75,13,3
1,28,30,2,41.0,41,41
1,24,28,8,7.285714285714286,21,1
1,25,30,5,10.5,18,1
1,26,28,6,10.4,28,2
1,29,24,7,6.0,14,2
1,24,32,4,5.0,8,1
