#,Player Wins,Banker Wins,Ties,Avg Diff,Max Diff,Min Diff
16,24,31,5,10.166666666666666,30,1
16,27,25,8,6.777777777777778,26,1
16,28,25,7,7.625,14,3
16,33,21,6,8.714285714285714,27,1
16,29,25,6,8.714285714285714,25,3
16,34,20,6,8.714285714285714,26,1
16,31,21,8,6.777777777777778,19,1
16,32,25,3,15.25,28,6
16,26,23,11,5.083333333333333,15,1
16,32,25,3,15.25,40,4
