#,Player Wins,Banker Wins,Ties,Avg Diff,Max Diff,Min Diff
15,23,30,7,9.166666666666666,23,2
15,23,28,9,5.375,17,1
15,38,18,4,15.666666666666666,20,10
15,25,30,5,10.75,30,1
15,31,27,2,12.0,12,12
15,28,24,8,4.428571428571429,8,1
15,18,40,2,10.0,10,10
15,31,25,4,7.666666666666667,9,6
15,31,23,6,10.8,19,3
15,28,25,7,9.0,16,2
