#,Player Wins,Banker Wins,Ties,Avg Diff,Max Diff,Min Diff
5,27,31,2,20.333333333333332,38,4
5,22,29,9,6.1,22,1
5,29,26,5,10.166666666666666,19,1
5,26,28,6,8.714285714285714,20,1
5,29,28,3,15.25,35,6
5,19,34,7,7.625,21,1
5,28,27,5,10.166666666666666,24,1
5,26,30,4,12.2,45,1
5,24,35,1,30.5,56,5
5,30,25,5,10.166666666666666,20,4
