#,Player Wins,Banker Wins,Ties,Avg Diff,Max Diff,Min Diff
46,26,32,2,22.0,22,22
46,24,32,4,8.666666666666666,15,2
46,26,29,5,11.25,23,4
46,34,20,6,5.4,14,1
46,29,25,6,6.2,11,2
46,16,37,7,8.833333333333334,26,1
46,21,28,11,5.4,16,1
46,21,32,7,8.5,19,3
46,29,25,6,9.0,25,2
46,24,27,9,7.25,22,2
