#,Player Wins,Banker Wins,Ties,Avg Diff,Max Diff,Min Diff
42,32,21,7,7.625,22,1
42,24,30,6,8.714285714285714,24,1
42,23,29,8,6.777777777777778,13,1
42,22,31,7,7.625,21,1
42,30,23,7,7.625,28,1
42,25,24,11,5.083333333333333,13,1
42,28,30,2,20.333333333333332,34,13
42,25,27,8,6.777777777777778,13,1
42,25,30,5,10.166666666666666,29,1
42,28,24,8,6.777777777777778,14,2
