#,Player Wins,Banker Wins,Ties,Avg Diff,Max Diff,Min Diff
2,23,34,3,23.0,24,22
2,23,34,3,19.5,33,6
2,31,25,4,16.0,18,12
2,30,22,8,6.428571428571429,12,2
2,28,28,4,13.666666666666666,38,1
2,31,23,6,10.4,18,5
2,30,24,6,9.6,24,1
2,24,28,8,7.285714285714286,22,1
2,27,26,7,7.833333333333333,22,2
2,30,20,10,3.6666666666666665,11,1
