#,Player Wins,Banker Wins,Ties,Avg Diff,Max Diff,Min Diff
11,33,20,7,7.625,26,1
11,26,29,5,10.166666666666666,20,1
11,33,23,4,12.2,32,2
11,31,24,5,10.166666666666666,17,5
11,26,30,4,12.2,20,1
11,26,32,2,20.333333333333332,56,2
11,24,30,6,8.714285714285714,22,1
11,29,25,6,8.714285714285714,20,1
11,22,30,8,6.777777777777778,14,1
11,29,22,9,6.1,12,1
