#,Player Wins,Banker Wins,Ties,Avg Diff,Max Diff,Min Diff
17,25,24,11,5.0,17,1
17,25,32,3,26.5,47,6
17,29,25,6,8.6,11,4
17,31,22,7,7.666666666666667,28,1
17,25,24,11,5.3,19,2
17,38,16,6,9.8,15,3
17,24,33,3,15.5,25,6
17,18,35,7,7.333333333333333,14,2
17,25,27,8,7.571428571428571,14,2
17,23,32,5,6.25,15,1
