#,Player Wins,Banker Wins,Ties,Avg Diff,Max Diff,Min Diff
13,25,31,4,12.2,22,4
13,26,30,4,12.2,29,7
13,27,28,5,10.166666666666666,19,2
13,27,26,7,7.625,18,4
13,26,31,3,15.25,30,3
13,27,27,6,8.714285714285714,26,2
13,34,21,5,10.166666666666666,20,3
13,33,21,6,8.714285714285714,19,3
13,28,29,3,15.25,27,5
13,30,23,7,7.625,12,2
