#,Player Wins,Banker Wins,Ties,Avg Diff,Max Diff,Min Diff
19,26,29,5,10.166666666666666,22,2
19,30,24,6,8.714285714285714,19,3
19,20,36,4,12.2,31,1
19,29,26,5,10.166666666666666,30,1
19,20,37,3,15.25,33,6
19,25,30,5,10.166666666666666,31,1
19,27,26,7,7.625,25,2
19,20,33,7,7.625,20,1
19,32,25,3,15.25,35,1
19,25,28,7,7.625,22,2
