#,Player Wins,Banker Wins,Ties,Avg Diff,Max Diff,Min Diff
38,23,34,3,18.0,25,11
38,28,26,6,9.6,20,1
38,34,24,2,44.0,44,44
38,29,25,6,9.4,16,1
38,27,28,5,12.0,15,7
38,17,38,5,4.5,13,1
38,33,23,4,15.333333333333334,22,12
38,25,26,9,6.25,17,1
38,27,29,4,5.333333333333333,14,1
38,29,25,6,8.4,13,4
