#,Player Wins,Banker Wins,Ties,Avg Diff,Max Diff,Min Diff
41,29,28,3,13.0,19,7
41,32,23,5,12.75,21,5
41,26,31,3,7.0,8,6
41,23,28,9,6.375,23,1
41,29,25,6,11.6,18,9
41,27,29,4,16.666666666666668,19,13
41,27,26,7,4.666666666666667,8,2
41,28,27,5,9.5,27,1
41,27,26,7,9.0,33,2
41,34,19,7,8.0,17,1
