#,Player Wins,Banker Wins,Ties,Avg Diff,Max Diff,Min Diff
24,20,36,4,12.2,31,3
24,32,20,8,6.777777777777778,14,1
24,31,23,6,8.714285714285714,17,1
24,35,23,2,20.333333333333332,28,11
24,25,29,6,8.714285714285714,30,1
24,33,21,6,8.714285714285714,24,2
24,26,25,9,6.1,15,1
24,25,30,5,10.166666666666666,22,3
24,30,23,7,7.625,17,2
24,22,28,10,5.545454545454546,17,1
