#,Player Wins,Banker Wins,Ties,Avg Diff,Max Diff,Min Diff
49,25,32,3,13.5,19,8
49,27,29,4,13.0,16,7
49,21,31,8,5.857142857142857,19,1
49,24,32,4,4.0,7,2
49,22,33,5,11.75,23,2
49,27,28,5,12.5,30,4
49,25,28,7,5.833333333333333,21,1
49,29,28,3,15.5,19,12
49,26,28,6,7.4,14,1
49,31,20,9,6.875,18,1
