#,Player Wins,Banker Wins,Ties,Avg Diff,Max Diff,Min Diff
46,24,30,6,11.0,31,1
46,34,22,4,16.333333333333332,28,7
46,23,25,12,5.181818181818182,16,1
46,25,31,4,9.666666666666666,23,1
46,24,31,5,13.75,28,8
46,27,25,8,7.142857142857143,15,1
46,29,27,4,6.333333333333333,13,1
46,31,24,5,12.25,33,1
46,28,26,6,10.6,28,2
46,23,26,11,3.6,8,1
