#,Player Wins,Banker Wins,Ties,Avg Diff,Max Diff,Min Diff
8,29,27,4,8.666666666666666,13,1
8,26,31,3,9.5,16,3
8,30,25,5,14.0,29,8
8,25,30,5,9.0,20,4
8,26,26,8,7.142857142857143,22,2
8,15,36,9,6.625,14,3
8,33,24,3,3.0,5,1
8,26,29,5,14.0,28,6
8,28,24,8,7.142857142857143,13,2
8,29,28,3,25.0,43,7
