#,Player Wins,Banker Wins,Ties,Avg Diff,Max Diff,Min Diff
7,25,31,4,9.666666666666666,12,7
7,24,32,4,9.0,15,1
7,29,27,4,11.333333333333334,19,6
7,27,28,5,10.5,20,2
7,25,30,5,11.25,23,2
7,22,31,7,8.333333333333334,17,1
7,31,23,6,11.2,32,3
7,26,26,8,4.857142857142857,11,1
7,36,22,2,34.0,34,34
7,24,30,6,8.0,16,2
