#,Player Wins,Banker Wins,Ties,Avg Diff,Max Diff,Min Diff
40,30,30,0,61.0,61,61
40,25,26,9,6.1,13,1
40,30,22,8,6.777777777777778,14,2
40,30,27,3,15.25,22,6
40,29,24,7,7.625,22,1
40,22,31,7,7.625,27,1
40,31,23,6,8.714285714285714,21,2
40,29,27,4,12.2,22,4
40,23,28,9,6.1,13,1
40,33,19,8,6.777777777777778,15,2
