#,Player Wins,Banker Wins,Ties,Avg Diff,Max Diff,Min Diff
20,30,26,4,11.666666666666666,20,4
20,30,27,3,18.5,29,8
20,30,22,8,7.857142857142857,26,1
20,22,31,7,9.666666666666666,19,3
20,31,25,4,12.0,21,6
20,28,26,6,11.2,19,3
20,24,31,5,9.0,14,2
20,30,24,6,5.2,9,3
20,30,26,4,9.333333333333334,12,7
20,26,28,6,7.6,14,1
