#,Player Wins,Banker Wins,Ties,Avg Diff,Max Diff,Min Diff
32,26,28,6,8.714285714285714,22,2
32,26,30,4,12.2,37,2
32,22,35,3,15.25,26,7
32,28,28,4,12.2,26,6
32,28,21,11,5.083333333333333,19,1
32,30,25,5,10.166666666666666,23,3
32,30,24,6,8.714285714285714,19,1
32,27,28,5,10.166666666666666,41,1
32,27,30,3,15.25,30,5
32,26,32,2,20.333333333333332,36,11
