#,Player Wins,Banker Wins,Ties,Avg Diff,Max Diff,Min Diff
26,30,23,7,9.166666666666666,24,2
26,23,31,6,8.2,14,2
26,29,25,6,8.8,23,1
26,29,29,2,27.0,27,27
26,30,25,5,10.0,22,1
26,27,28,5,12.25,30,3
26,25,29,6,11.0,21,2
26,28,32,0,0,0,0
26,23,30,7,7.0,26,1
26,23,30,7,6.166666666666667,16,1
