#,Player Wins,Banker Wins,Ties,Avg Diff,Max Diff,Min Diff
36,26,28,6,9.4,21,2
36,32,24,4,9.0,21,1
36,20,34,6,8.0,14,4
36,23,31,6,10.8,32,1
36,31,25,4,15.333333333333334,30,8
36,24,29,7,6.166666666666667,10,2
36,23,34,3,2.5,3,2
36,20,35,5,13.0,34,1
36,34,21,5,10.25,24,4
36,30,26,4,15.666666666666666,40,1
