#,Player Wins,Banker Wins,Ties,Avg Diff,Max Diff,Min Diff
18,29,24,7,7.625,16,1
18,22,32,6,8.714285714285714,34,1
18,23,30,7,7.625,19,1
18,35,21,4,12.2,29,2
18,27,27,6,8.714285714285714,13,4
18,20,30,10,5.545454545454546,22,1
18,34,25,1,30.5,48,13
18,26,28,6,8.714285714285714,17,3
18,26,29,5,10.166666666666666,19,1
18,23,28,9,6.1,12,2
