#,Player Wins,Banker Wins,Ties,Avg Diff,Max Diff,Min Diff
21,25,27,8,6.777777777777778,16,2
21,23,31,6,8.714285714285714,26,1
21,26,28,6,8.714285714285714,20,2
21,28,26,6,8.714285714285714,17,1
21,29,27,4,12.2,23,5
21,24,31,5,10.166666666666666,17,4
21,25,31,4,12.2,20,1
21,28,25,7,7.625,19,1
21,29,26,5,10.166666666666666,34,1
21,28,25,7,7.625,26,1
