#,Player Wins,Banker Wins,Ties,Avg Diff,Max Diff,Min Diff
6,19,37,4,12.2,29,1
6,21,37,2,20.333333333333332,39,4
6,25,29,6,8.714285714285714,43,1
6,29,25,6,8.714285714285714,21,2
6,27,31,2,20.333333333333332,38,1
6,30,24,6,8.714285714285714,18,2
6,27,27,6,8.714285714285714,24,1
6,19,33,8,6.777777777777778,16,1
6,23,32,5,10.166666666666666,26,5
6,30,29,1,30.5,44,17
