#,Player Wins,Banker Wins,Ties,Avg Diff,Max Diff,Min Diff
41,29,28,3,15.25,42,2
41,27,27,6,8.714285714285714,20,1
41,24,31,5,10.166666666666666,19,2
41,26,29,5,10.166666666666666,21,5
41,23,33,4,12.2,16,5
41,21,30,9,6.1,10,1
41,28,25,7,7.625,15,1
41,29,27,4,12.2,21,3
41,33,24,3,15.25,28,5
41,21,26,13,4.357142857142857,14,1
