#,Player Wins,Banker Wins,Ties,Avg Diff,Max Diff,Min Diff
12,17,37,6,5.0,15,1
12,30,24,6,8.6,15,2
12,30,26,4,13.0,15,9
12,28,29,3,18.5,22,15
12,25,27,8,3.4285714285714284,8,1
12,25,28,7,7.666666666666667,23,2
12,26,32,2,25.0,25,25
12,31,25,4,12.333333333333334,29,1
12,32,25,3,19.5,28,11
12,31,23,6,9.2,23,1
