#,Player Wins,Banker Wins,Ties,Avg Diff,Max Diff,Min Diff
12,30,24,6,10.2,27,4
12,35,22,3,24.0,36,12
12,29,24,7,8.166666666666666,15,1
12,26,27,7,9.0,28,2
12,34,20,6,5.4,11,1
12,22,33,5,8.75,12,1
12,27,27,6,9.2,16,2
12,35,22,3,7.0,8,6
12,21,32,7,8.166666666666666,18,3
12,25,27,8,5.857142857142857,15,1
