#,Player Wins,Banker Wins,Ties,Avg Diff,Max Diff,Min Diff
28,25,28,7,7.625,19,1
28,33,21,6,8.714285714285714,23,3
28,36,20,4,12.2,19,4
28,24,29,7,7.625,17,3
28,25,29,6,8.714285714285714,24,2
28,24,28,8,6.777777777777778,26,1
28,28,27,5,10.166666666666666,30,1
28,27,24,9,6.1,17,2
28,31,25,4,12.2,43,2
28,21,31,8,6.777777777777778,17,3
