#,Player Wins,Banker Wins,Ties,Avg Diff,Max Diff,Min Diff
48,30,25,5,10.166666666666666,22,1
48,24,30,6,8.714285714285714,12,2
48,32,24,4,12.2,36,2
48,33,19,8,6.777777777777778,19,1
48,30,25,5,10.166666666666666,23,5
48,34,20,6,8.714285714285714,22,1
48,24,27,9,6.1,12,2
48,24,34,2,20.333333333333332,50,3
48,26,27,7,7.625,20,1
48,33,20,7,7.625,14,2
