#,Player Wins,Banker Wins,Ties,Avg Diff,Max Diff,Min Diff
1,23,30,7,7.625,21,2
1,20,38,2,20.333333333333332,27,13
1,30,25,5,10.166666666666666,16,1
1,23,29,8,6.777777777777778,15,2
1,33,22,5,10.166666666666666,31,1
1,27,26,7,7.625,31,1
1,30,23,7,7.625,27,1
1,31,25,4,12.2,23,1
1,35,19,6,8.714285714285714,15,2
1,21,29,10,5.545454545454546,15,1
