#,Player Wins,Banker Wins,Ties,Avg Diff,Max Diff,Min Diff
33,29,25,6,8.714285714285714,28,1
33,28,26,6,8.714285714285714,21,1
33,27,27,6,8.714285714285714,23,3
33,26,27,7,7.625,16,1
33,28,25,7,7.625,20,2
33,28,29,3,15.25,39,1
33,32,25,3,15.25,18,10
33,29,27,4,12.2,22,7
33,29,24,7,7.625,20,1
33,34,17,9,6.1,16,1
