#,Player Wins,Banker Wins,Ties,Avg Diff,Max Diff,Min Diff
4,22,28,10,5.888888888888889,16,1
4,23,29,8,6.285714285714286,14,2
4,27,28,5,14.75,40,1
4,25,33,2,1.0,1,1
4,21,30,9,5.0,13,1
4,34,19,7,5.666666666666667,13,2
4,24,33,3,5.5,8,3
4,28,28,4,9.333333333333334,23,1
4,32,16,12,4.909090909090909,17,1
4,28,26,6,8.4,22,1
