#,Player Wins,Banker Wins,Ties,Avg Diff,Max Diff,Min Diff
30,27,29,4,12.2,25,4
30,17,34,9,6.1,12,1
30,27,28,5,10.166666666666666,19,3
30,31,26,3,15.25,27,5
30,23,35,2,20.333333333333332,35,7
30,29,25,6,8.714285714285714,29,1
30,22,33,5,10.166666666666666,22,1
30,29,24,7,7.625,23,1
30,23,35,2,20.333333333333332,49,1
30,25,28,7,7.625,20,2
