#,Player Wins,Banker Wins,Ties,Avg Diff,Max Diff,Min Diff
3,30,25,5,6.0,14,3
3,22,28,10,6.333333333333333,18,2
3,23,30,7,7.833333333333333,18,1
3,36,21,3,18.5,36,1
3,32,23,5,11.25,23,3
3,29,27,4,13.666666666666666,32,1
3,27,28,5,4.0,5,2
3,25,26,9,5.5,16,1
3,29,27,4,19.666666666666668,40,3
3,27,25,8,8.428571428571429,21,1
