#,Player Wins,Banker Wins,Ties,Avg Diff,Max Diff,Min Diff
49,23,28,9,6.1,12,1
49,23,34,3,15.25,40,2
49,24,30,6,8.714285714285714,30,1
49,25,29,6,8.714285714285714,19,1
49,28,28,4,12.2,42,1
49,24,27,9,6.1,16,2
49,34,23,3,15.25,46,1
49,30,24,6,8.714285714285714,26,1
49,24,32,4,12.2,41,4
49,29,26,5,10.166666666666666,16,3
