#,Player Wins,Banker Wins,Ties,Avg Diff,Max Diff,Min Diff
21,18,38,4,14.0,20,7
21,31,24,5,4.75,15,1
21,31,20,9,6.5,26,1
21,35,23,2,13.0,13,13
21,28,25,7,8.166666666666666,12,3
21,23,31,6,7.6,18,1
21,26,21,13,4.333333333333333,16,1
21,25,26,9,4.375,12,1
21,24,32,4,7.666666666666667,10,6
21,26,28,6,8.4,23,1
