#,Player Wins,Banker Wins,Ties,Avg Diff,Max Diff,Min Diff
22,17,35,8,6.777777777777778,18,1
22,28,26,6,8.714285714285714,14,3
22,27,23,10,5.545454545454546,13,1
22,35,21,4,12.2,27,2
22,33,20,7,7.625,26,1
22,27,28,5,10.166666666666666,17,2
22,23,31,6,8.714285714285714,23,2
22,28,29,3,15.25,37,4
22,22,31,7,7.625,24,3
22,32,24,4,12.2,28,3
