#,Player Wins,Banker Wins,Ties,Avg Diff,Max Diff,Min Diff
34,30,26,4,12.2,20,2
34,27,26,7,7.625,14,1
34,16,38,6,8.714285714285714,24,2
34,25,24,11,5.083333333333333,18,1
34,29,27,4,12.2,24,3
34,26,30,4,12.2,24,4
34,26,29,5,10.166666666666666,23,2
34,25,28,7,7.625,20,1
34,22,33,5,10.166666666666666,32,3
34,29,21,10,5.545454545454546,15,1
