#,Player Wins,Banker Wins,Ties,Avg Diff,Max Diff,Min Diff
8,29,25,6,8.714285714285714,17,1
8,29,26,5,10.166666666666666,25,1
8,24,34,2,20.333333333333332,46,1
8,23,31,6,8.714285714285714,21,2
8,25,28,7,7.625,13,4
8,27,26,7,7.625,20,2
8,21,35,4,12.2,19,2
8,31,27,2,20.333333333333332,39,7
8,31,25,4,12.2,22,5
8,26,31,3,15.25,50,2
