#,Player Wins,Banker Wins,Ties,Avg Diff,Max Diff,Min Diff
48,30,24,6,8.714285714285714,22,2
48,34,20,6,8.714285714285714,21,1
48,21,31,8,6.777777777777778,14,2
48,29,26,5,10.166666666666666,21,4
48,24,26,10,5.545454545454546,17,1
48,27,28,5,10.166666666666666,25,1
48,23,30,7,7.625,19,1
48,20,32,8,6.777777777777778,12,1
48,31,23,6,8.714285714285714,32,1
48,29,25,6,8.714285714285714,16,2
