#,Player Wins,Banker Wins,Ties,Avg Diff,Max Diff,Min Diff
5,25,33,2,20.333333333333332,31,7
5,33,23,4,12.2,37,1
5,26,31,3,15.25,23,3
5,25,32,3,15.25,30,4
5,25,24,11,5.083333333333333,18,1
5,28,26,6,8.714285714285714,18,1
5,16,37,7,7.625,15,2
5,23,30,7,7.625,26,1
5,26,26,8,6.777777777777778,15,1
5,28,26,6,8.714285714285714,19,2
