#,Player Wins,Banker Wins,Ties,Avg Diff,Max Diff,Min Diff
5,29,29,2,20.333333333333332,36,5
5,31,23,6,8.714285714285714,27,1
5,22,26,12,4.6923076923076925,18,1
5,26,27,7,7.625,13,3
5,25,31,4,12.2,25,1
5,24,31,5,10.166666666666666,19,3
5,27,25,8,6.777777777777778,21,1
5,23,28,9,6.1,14,1
5,27,22,11,5.083333333333333,13,1
5,21,32,7,7.625,24,1
