#,Player Wins,Banker Wins,Ties,Avg Diff,Max Diff,Min Diff
20,25,31,4,12.2,21,1
20,31,24,5,10.166666666666666,32,1
20,26,29,5,10.166666666666666,18,2
20,28,30,2,20.333333333333332,44,6
20,32,26,2,20.333333333333332,39,10
20,27,30,3,15.25,23,6
20,17,34,9,6.1,16,1
20,30,23,7,7.625,21,1
20,23,29,8,6.777777777777778,16,1
20,28,25,7,7.625,22,1
