#,Player Wins,Banker Wins,Ties,Avg Diff,Max Diff,Min Diff
15,36,18,6,8.714285714285714,21,2
15,20,37,3,15.25,24,5
15,23,32,5,10.166666666666666,20,2
15,28,26,6,8.714285714285714,40,1
15,21,33,6,8.714285714285714,32,1
15,28,27,5,10.166666666666666,19,1
15,30,24,6,8.714285714285714,25,1
15,24,26,10,5.545454545454546,26,1
15,19,33,8,6.777777777777778,16,1
15,28,25,7,7.625,19,1
