#,Player Wins,Banker Wins,Ties,Avg Diff,Max Diff,Min Diff
31,34,17,9,5.875,16,1
31,26,27,7,8.166666666666666,14,2
31,24,28,8,7.571428571428571,30,1
31,32,25,3,29.5,49,10
31,24,29,7,7.5,13,1
31,30,23,7,7.833333333333333,18,1
31,21,33,6,9.8,34,3
31,20,35,5,12.25,31,4
31,29,27,4,9.0,22,2
31,26,31,3,20.5,40,1
