#,Player Wins,Banker Wins,Ties,Avg Diff,Max Diff,Min Diff
3,30,27,3,12.5,19,6
3,32,25,3,6.5,10,3
3,24,30,6,6.2,9,1
3,27,26,7,8.166666666666666,15,2
3,26,29,5,12.25,18,2
3,23,30,7,8.333333333333334,20,2
3,25,28,7,7.166666666666667,13,1
3,28,29,3,4.5,5,4
3,24,27,9,3.125,5,1
3,30,26,4,18.333333333333332,37,5
