#,Player Wins,Banker Wins,Ties,Avg Diff,Max Diff,Min Diff
45,28,27,5,10.166666666666666,29,1
45,31,22,7,7.625,28,1
45,25,23,12,4.6923076923076925,23,1
45,26,30,4,12.2,36,1
45,26,24,10,5.545454545454546,16,2
45,24,26,10,5.545454545454546,14,1
45,28,27,5,10.166666666666666,23,2
45,31,24,5,10.166666666666666,24,2
45,26,28,6,8.714285714285714,18,2
45,25,22,13,4.357142857142857,9,1
