#,Player Wins,Banker Wins,Ties,Avg Diff,Max Diff,Min Diff
29,19,36,5,10.166666666666666,25,2
29,29,23,8,6.777777777777778,28,1
29,24,27,9,6.1,12,2
29,18,33,9,6.1,16,2
29,28,26,6,8.714285714285714,13,3
29,31,21,8,6.777777777777778,20,1
29,31,24,5,10.166666666666666,22,2
29,29,23,8,6.777777777777778,15,2
29,28,28,4,12.2,22,1
29,30,22,8,6.777777777777778,17,2
