#,Player Wins,Banker Wins,Ties,Avg Diff,Max Diff,Min Diff
25,32,27,1,30.5,53,8
25,25,31,4,12.2,25,3
25,25,30,5,10.166666666666666,22,3
25,20,30,10,5.545454545454546,14,1
25,28,24,8,6.777777777777778,16,1
25,31,24,5,10.166666666666666,22,1
25,23,25,12,4.6923076923076925,10,1
25,27,27,6,8.714285714285714,36,1
25,30,22,8,6.777777777777778,18,2
25,27,30,3,15.25,54,1
