#,Player Wins,Banker Wins,Ties,Avg Diff,Max Diff,Min Diff
28,27,30,3,15.25,33,1
28,26,31,3,15.25,29,5
28,30,28,2,20.333333333333332,32,4
28,30,26,4,12.2,27,2
28,25,27,8,6.777777777777778,19,1
28,26,27,7,7.625,25,2
28,21,33,6,8.714285714285714,24,1
28,28,29,3,15.25,31,4
28,34,23,3,15.25,26,3
28,33,23,4,12.2,23,5
