#,Player Wins,Banker Wins,Ties,Avg Diff,Max Diff,Min Diff
13,24,29,7,5.333333333333333,10,1
13,26,27,7,8.0,26,1
13,24,30,6,8.6,16,1
13,19,36,5,9.5,17,3
13,26,24,10,4.444444444444445,14,1
13,26,24,10,5.0,19,1
13,30,20,10,5.555555555555555,14,1
13,26,28,6,10.0,12,7
13,30,21,9,7.375,17,1
13,30,24,6,7.6,15,2
