#,Player Wins,Banker Wins,Ties,Avg Diff,Max Diff,Min Diff
50,34,23,3,14.0,24,4
50,27,30,3,2.0,2,2
50,28,22,10,3.888888888888889,12,1
50,19,36,5,10.25,17,1
50,26,29,5,14.5,30,1
50,28,31,1,0,0,0
50,31,21,8,8.0,17,1
50,29,24,7,5.833333333333333,16,1
50,29,25,6,9.0,17,2
50,32,22,6,6.2,13,2
