#,Player Wins,Banker Wins,Ties,Avg Diff,Max Diff,Min Diff
1,29,24,7,7.833333333333333,30,1
1,30,27,3,16.0,21,11
1,34,23,3,9.5,16,3
1,27,30,3,27.5,53,2
1,28,27,5,10.75,18,2
1,26,29,5,10.0,26,2
1,22,36,2,13.0,13,13
1,36,19,5,6.25,18,1
1,33,20,7,6.166666666666667,14,1
1,24,32,4,8.333333333333334,12,4
