#,Player Wins,Banker Wins,Ties,Avg Diff,Max Diff,Min Diff
16,22,31,7,6.333333333333333,11,1
16,22,34,4,17.0,22,11
16,31,25,4,12.0,18,3
16,28,28,4,15.0,31,5
16,28,31,1,0,0,0
16,24,28,8,7.142857142857143,14,2
16,23,35,2,36.0,36,36
16,31,26,3,27.5,38,17
16,31,24,5,11.25,28,3
16,22,27,11,5.9,12,1
