#,Player Wins,Banker Wins,Ties,Avg Diff,Max Diff,Min Diff
35,33,23,4,15.333333333333334,21,4
35,30,24,6,9.4,19,3
35,21,34,5,13.5,25,7
35,31,25,4,7.0,10,3
35,25,28,7,6.166666666666667,20,1
35,25,29,6,10.6,18,2
35,25,31,4,6.666666666666667,13,1
35,31,24,5,13.75,23,8
35,26,27,7,9.5,22,3
35,23,30,7,5.833333333333333,14,2
