#,Player Wins,Banker Wins,Ties,Avg Diff,Max Diff,Min Diff
32,25,30,5,10.166666666666666,24,1
32,37,19,4,12.2,21,2
32,27,26,7,7.625,30,2
32,23,30,7,7.625,17,1
32,30,26,4,12.2,18,1
32,29,25,6,8.714285714285714,20,1
32,24,30,6,8.714285714285714,16,3
32,22,28,10,5.545454545454546,16,1
32,19,35,6,8.714285714285714,29,2
32,25,32,3,15.25,48,2
