#,Player Wins,Banker Wins,Ties,Avg Diff,Max Diff,Min Diff
25,32,24,4,12.2,24,4
25,26,27,7,7.625,19,3
25,25,28,7,7.625,29,1
25,30,25,5,10.166666666666666,38,3
25,23,29,8,6.777777777777778,23,1
25,28,27,5,10.166666666666666,29,2
25,28,28,4,12.2,16,6
25,33,18,9,6.1,13,2
25,29,24,7,7.625,17,1
25,29,24,7,7.625,21,1
