#,Player Wins,Banker Wins,Ties,Avg Diff,Max Diff,Min Diff
18,26,30,4,12.2,17,4
18,34,19,7,7.625,15,1
18,24,27,9,6.1,16,1
18,26,29,5,10.166666666666666,18,1
18,29,25,6,8.714285714285714,29,1
18,34,21,5,10.166666666666666,30,1
18,28,24,8,6.777777777777778,13,1
18,31,20,9,6.1,14,2
18,30,24,6,8.714285714285714,18,2
18,32,22,6,8.714285714285714,23,1
