#,Player Wins,Banker Wins,Ties,Avg Diff,Max Diff,Min Diff
20,26,27,7,8.333333333333334,25,2
20,33,22,5,10.25,19,2
20,28,23,9,6.75,11,1
20,29,26,5,7.25,15,4
20,31,22,7,7.0,12,1
20,26,26,8,6.428571428571429,16,1
20,27,26,7,8.5,16,2
20,33,21,6,8.6,17,3
20,26,27,7,6.333333333333333,16,1
20,27,27,6,10.8,18,6
