#,Player Wins,Banker Wins,Ties,Avg Diff,Max Diff,Min Diff
32,21,34,5,13.75,33,2
32,30,24,6,8.6,22,2
32,32,21,7,8.166666666666666,24,1
32,23,34,3,11.5,19,4
32,26,27,7,7.833333333333333,20,1
32,26,29,5,13.0,26,7
32,25,26,9,6.25,12,2
32,29,25,6,10.2,17,3
32,21,36,3,10.5,20,1
32,23,34,3,17.0,19,15
