#,Player Wins,Banker Wins,Ties,Avg Diff,Max Diff,Min Diff
36,29,27,4,17.333333333333332,27,7
36,27,24,9,5.875,14,1
36,22,31,7,7.666666666666667,17,3
36,30,27,3,6.0,7,5
36,23,31,6,8.4,20,3
36,29,20,11,4.9,10,1
36,27,29,4,11.666666666666666,28,1
36,24,31,5,13.0,32,1
36,31,24,5,14.0,27,8
36,25,33,2,4.0,4,4
