#,Player Wins,Banker Wins,Ties,Avg Diff,Max Diff,Min Diff
7,25,29,6,8.714285714285714,18,2
7,23,25,12,4.6923076923076925,12,1
7,25,30,5,10.166666666666666,37,1
7,18,37,5,10.166666666666666,33,2
7,31,23,6,8.714285714285714,14,2
7,22,30,8,6.777777777777778,16,2
7,33,25,2,20.333333333333332,39,6
7,23,33,4,12.2,31,5
7,20,35,5,10.166666666666666,36,1
7,31,24,5,10.166666666666666,19,1
