#,Player Wins,Banker Wins,Ties,Avg Diff,Max Diff,Min Diff
32,20,31,9,6.1,16,1
32,24,29,7,7.625,27,1
32,28,29,3,15.25,29,6
32,23,31,6,8.714285714285714,19,1
32,27,25,8,6.777777777777778,17,1
32,28,25,7,7.625,15,1
32,36,20,4,12.2,38,1
32,28,26,6,8.714285714285714,19,4
32,27,28,5,10.166666666666666,26,4
32,28,29,3,15.25,39,2
