#,Player Wins,Banker Wins,Ties,Avg Diff,Max Diff,Min Diff
1,27,26,7,9.333333333333334,19,2
1,30,23,7,8.5,17,1
1,24,34,2,18.0,18,18
1,22,32,6,11.4,26,4
1,34,23,3,10.0,15,5
1,26,26,8,7.428571428571429,29,1
1,24,27,9,6.625,16,1
1,32,22,6,10.4,21,3
1,25,29,6,4.8,8,1
1,28,24,8,6.857142857142857,18,1
