#,Player Wins,Banker Wins,Ties,Avg Diff,Max Diff,Min Diff
2,23,29,8,6.777777777777778,14,1
2,30,27,3,15.25,30,1
2,22,36,2,20.333333333333332,39,6
2,35,18,7,7.625,17,1
2,28,31,1,30.5,52,9
2,26,28,6,8.714285714285714,28,1
2,24,28,8,6.777777777777778,13,2
2,25,28,7,7.625,18,1
2,27,28,5,10.166666666666666,26,1
2,31,23,6,8.714285714285714,22,1
