#,Player Wins,Banker Wins,Ties,Avg Diff,Max Diff,Min Diff
28,24,28,8,6.428571428571429,10,2
28,31,23,6,5.6,11,3
28,27,27,6,10.0,25,3
28,22,35,3,16.0,17,15
28,30,24,6,9.6,15,4
28,29,25,6,9.6,24,1
28,27,26,7,8.666666666666666,22,1
28,33,24,3,6.0,8,4
28,27,29,4,9.666666666666666,24,2
28,24,27,9,6.625,12,1
