#,Player Wins,Banker Wins,Ties,Avg Diff,Max Diff,Min Diff
39,25,26,9,6.1,13,1
39,26,32,2,20.333333333333332,27,9
39,25,29,6,8.714285714285714,24,2
39,27,27,6,8.714285714285714,25,1
39,26,29,5,10.166666666666666,33,3
39,23,36,1,30.5,50,11
39,28,28,4,12.2,35,1
39,27,29,4,12.2,36,1
39,24,33,3,15.25,40,2
39,26,27,7,7.625,14,1
