#,Player Wins,Banker Wins,Ties,Avg Diff,Max Diff,Min Diff
22,23,29,8,5.428571428571429,11,2
22,27,28,5,13.75,23,5
22,24,31,5,14.0,28,1
22,32,21,7,9.333333333333334,19,1
22,35,19,6,7.8,17,1
22,28,28,4,7.333333333333333,13,3
22,31,20,9,6.625,17,1
22,23,31,6,11.8,24,1
22,25,23,12,4.7272727272727275,13,1
22,30,24,6,7.8,12,2
