#,Player Wins,Banker Wins,Ties,Avg Diff,Max Diff,Min Diff
6,25,31,4,12.2,28,2
6,28,25,7,7.625,20,1
6,23,29,8,6.777777777777778,12,1
6,36,18,6,8.714285714285714,20,3
6,28,27,5,10.166666666666666,18,1
6,28,24,8,6.777777777777778,17,1
6,30,27,3,15.25,24,5
6,24,33,3,15.25,42,1
6,24,29,7,7.625,18,2
6,15,35,10,5.545454545454546,24,1
