#,Player Wins,Banker Wins,Ties,Avg Diff,Max Diff,Min Diff
26,29,27,4,14.333333333333334,33,2
26,29,25,6,10.4,22,1
26,30,26,4,14.333333333333334,26,7
26,23,31,6,9.0,18,2
26,37,20,3,16.5,22,11
26,27,24,9,6.625,18,1
26,25,26,9,6.625,13,1
26,36,18,6,9.4,23,1
26,22,28,10,4.333333333333333,9,1
26,26,25,9,6.625,14,2
