#,Player Wins,Banker Wins,Ties,Avg Diff,Max Diff,Min Diff
30,33,21,6,5.4,16,2
30,35,16,9,6.0,18,1
30,24,31,5,7.25,17,2
30,27,26,7,8.333333333333334,29,1
30,29,23,8,8.142857142857142,35,1
30,24,32,4,9.0,15,2
30,30,23,7,8.5,19,1
30,22,34,4,11.666666666666666,24,5
30,27,29,4,15.666666666666666,29,4
30,26,26,8,4.142857142857143,8,1
