#,Player Wins,Banker Wins,Ties,Avg Diff,Max Diff,Min Diff
30,30,25,5,10.166666666666666,24,2
30,26,30,4,12.2,21,3
30,26,28,6,8.714285714285714,20,3
30,29,24,7,7.625,16,2
30,29,23,8,6.777777777777778,14,1
30,29,24,7,7.625,14,1
30,27,27,6,8.714285714285714,24,1
30,18,35,7,7.625,18,3
30,27,27,6,8.714285714285714,14,1
30,27,27,6,8.714285714285714,24,3
