#,Player Wins,Banker Wins,Ties,Avg Diff,Max Diff,Min Diff
30,29,26,5,10.166666666666666,22,2
30,31,25,4,12.2,26,7
30,28,28,4,12.2,22,3
30,31,28,1,30.5,51,10
30,29,29,2,20.333333333333332,51,3
30,29,27,4,12.2,23,1
30,29,23,8,6.777777777777778,17,1
30,28,26,6,8.714285714285714,25,1
30,22,34,4,12.2,30,2
30,26,27,7,7.625,15,2
