#,Player Wins,Banker Wins,Ties,Avg Diff,Max Diff,Min Diff
39,28,26,6,10.4,22,1
39,27,27,6,8.2,14,3
39,29,27,4,16.0,23,7
39,28,26,6,7.2,17,1
39,23,34,3,16.5,25,8
39,31,22,7,7.833333333333333,17,2
39,26,27,7,8.5,18,1
39,30,27,3,9.0,14,4
39,34,22,4,17.333333333333332,27,5
39,29,27,4,11.0,15,7
