#,Player Wins,Banker Wins,Ties,Avg Diff,Max Diff,Min Diff
23,21,34,5,10.166666666666666,28,2
23,25,29,6,8.714285714285714,23,1
23,26,29,5,10.166666666666666,25,2
23,26,27,7,7.625,21,2
23,28,24,8,6.777777777777778,13,1
23,32,25,3,15.25,33,7
23,27,30,3,15.25,29,6
23,24,29,7,7.625,18,2
23,29,26,5,10.166666666666666,28,1
23,29,26,5,10.166666666666666,20,2
