#,Player Wins,Banker Wins,Ties,Avg Diff,Max Diff,Min Diff
40,27,26,7,7.625,21,1
40,26,30,4,12.2,19,2
40,27,26,7,7.625,15,1
40,29,28,3,15.25,20,8
40,30,24,6,8.714285714285714,16,2
40,28,27,5,10.166666666666666,22,1
40,32,26,2,20.333333333333332,42,6
40,29,25,6,8.714285714285714,26,1
40,24,29,7,7.625,17,2
40,21,33,6,8.714285714285714,19,1
