#,Player Wins,Banker Wins,Ties,Avg Diff,Max Diff,Min Diff
50,30,26,4,13.0,27,3
50,32,19,9,6.125,18,1
50,26,30,4,9.333333333333334,19,4
50,17,31,12,4.2727272727272725,15,1
50,26,29,5,13.25,25,5
50,26,31,3,5.0,8,2
50,31,24,5,8.75,15,1
50,25,29,6,11.2,24,2
50,22,35,3,19.0,23,15
50,30,24,6,11.0,25,4
