#,Player Wins,Banker Wins,Ties,Avg Diff,Max Diff,Min Diff
50,28,28,4,12.2,32,1
50,27,26,7,7.625,22,2
50,28,28,4,12.2,37,1
50,25,31,4,12.2,32,1
50,20,32,8,6.777777777777778,24,1
50,27,31,2,20.333333333333332,27,14
50,34,22,4,12.2,26,3
50,20,34,6,8.714285714285714,22,3
50,28,28,4,12.2,44,1
50,26,24,10,5.545454545454546,19,1
