#,Player Wins,Banker Wins,Ties,Avg Diff,Max Diff,Min Diff
46,28,24,8,5.857142857142857,26,1
46,29,26,5,12.0,16,7
46,24,29,7,8.333333333333334,16,1
46,23,29,8,6.857142857142857,14,2
46,26,30,4,8.333333333333334,22,1
46,31,25,4,11.666666666666666,22,5
46,27,29,4,15.333333333333334,22,5
46,29,26,5,11.75,24,4
46,27,32,1,0,0,0
46,27,24,9,5.375,13,1
