#,Player Wins,Banker Wins,Ties,Avg Diff,Max Diff,Min Diff
8,25,29,6,4.4,7,1
8,30,24,6,10.6,18,2
8,25,29,6,9.2,14,5
8,29,25,6,10.4,31,1
8,31,22,7,7.666666666666667,18,2
8,30,23,7,8.0,31,1
8,24,31,5,11.5,19,6
8,33,17,10,5.777777777777778,11,1
8,26,26,8,6.714285714285714,12,1
8,28,24,8,7.571428571428571,18,1
