#,Player Wins,Banker Wins,Ties,Avg Diff,Max Diff,Min Diff
9,23,27,10,6.0,21,1
9,28,26,6,10.4,29,1
9,28,29,3,9.0,15,3
9,23,30,7,8.166666666666666,18,3
9,33,20,7,6.666666666666667,10,3
9,28,26,6,10.0,20,1
9,31,24,5,8.5,12,5
9,22,26,12,3.6363636363636362,7,2
9,27,27,6,5.8,12,1
9,24,29,7,9.666666666666666,25,1
