#,Player Wins,Banker Wins,Ties,Avg Diff,Max Diff,Min Diff
5,33,23,4,7.333333333333333,16,1
5,28,24,8,8.285714285714286,17,1
5,21,37,2,4.0,4,4
5,29,23,8,6.142857142857143,12,1
5,26,29,5,12.25,22,3
5,32,24,4,17.333333333333332,33,6
5,32,20,8,7.857142857142857,22,1
5,29,25,6,8.8,23,1
5,23,31,6,7.0,17,1
5,35,15,10,5.333333333333333,11,2
