#,Player Wins,Banker Wins,Ties,Avg Diff,Max Diff,Min Diff
29,24,29,7,7.625,24,2
29,29,28,3,15.25,50,2
29,23,32,5,10.166666666666666,23,2
29,25,28,7,7.625,18,2
29,28,29,3,15.25,35,4
29,27,26,7,7.625,14,2
29,30,26,4,12.2,23,2
29,22,35,3,15.25,43,1
29,20,29,11,5.083333333333333,19,1
29,28,26,6,8.714285714285714,26,2
