#,Player Wins,Banker Wins,Ties,Avg Diff,Max Diff,Min Diff
3,26,28,6,6.8,14,2
3,28,27,5,7.5,23,1
3,23,32,5,7.75,18,4
3,31,25,4,12.333333333333334,21,7
3,25,32,3,6.5,12,1
3,29,28,3,11.0,19,3
3,26,22,12,5.090909090909091,21,1
3,32,25,3,9.0,13,5
3,30,22,8,8.285714285714286,19,1
3,29,24,7,6.833333333333333,14,2
