#,Player Wins,Banker Wins,Ties,Avg Diff,Max Diff,Min Diff
48,27,27,6,6.4,15,1
48,25,27,8,5.714285714285714,10,1
48,20,34,6,9.0,17,3
48,25,27,8,6.714285714285714,14,2
48,24,29,7,4.333333333333333,9,1
48,26,29,5,10.75,24,1
48,27,26,7,8.666666666666666,22,1
48,28,30,2,22.0,22,22
48,32,19,9,5.75,14,2
48,31,25,4,16.0,34,1
