#,Player Wins,Banker Wins,Ties,Avg Diff,Max Diff,Min Diff
31,29,27,4,12.2,43,3
31,31,25,4,12.2,21,2
31,29,26,5,10.166666666666666,22,1
31,29,27,4,12.2,23,5
31,28,26,6,8.714285714285714,14,4
31,29,23,8,6.777777777777778,14,2
31,24,27,9,6.1,14,2
31,17,39,4,12.2,31,3
31,25,32,3,15.25,33,6
31,19,35,6,8.714285714285714,12,2
