#,Player Wins,Banker Wins,Ties,Avg Diff,Max Diff,Min Diff
43,14,43,3,15.25,39,6
43,27,30,3,15.25,32,4
43,31,24,5,10.166666666666666,23,2
43,35,24,1,30.5,53,8
43,24,30,6,8.714285714285714,32,1
43,30,24,6,8.714285714285714,20,1
43,31,26,3,15.25,20,10
43,31,22,7,7.625,17,2
43,25,32,3,15.25,39,3
43,29,26,5,10.166666666666666,21,3
