#,Player Wins,Banker Wins,Ties,Avg Diff,Max Diff,Min Diff
36,32,24,4,12.2,34,1
36,27,27,6,8.714285714285714,19,1
36,18,34,8,6.777777777777778,24,1
36,28,26,6,8.714285714285714,28,1
36,25,29,6,8.714285714285714,15,2
36,27,29,4,12.2,32,3
36,18,38,4,12.2,19,7
36,30,27,3,15.25,21,7
36,21,35,4,12.2,23,2
36,30,23,7,7.625,18,1
