#,Player Wins,Banker Wins,Ties,Avg Diff,Max Diff,Min Diff
34,27,27,6,8.714285714285714,19,2
34,24,26,10,5.545454545454546,18,1
34,29,26,5,10.166666666666666,15,3
34,27,25,8,6.777777777777778,27,1
34,25,27,8,6.777777777777778,23,1
34,34,22,4,12.2,36,2
34,19,31,10,5.545454545454546,12,1
34,30,26,4,12.2,32,1
34,27,30,3,15.25,28,3
34,25,31,4,12.2,23,3
