#,Player Wins,Banker Wins,Ties,Avg Diff,Max Diff,Min Diff
23,24,30,6,8.714285714285714,18,1
23,31,27,2,20.333333333333332,44,4
23,25,26,9,6.1,16,1
23,30,24,6,8.714285714285714,16,1
23,26,28,6,8.714285714285714,14,3
23,29,24,7,7.625,35,1
23,24,22,14,4.066666666666666,10,1
23,32,24,4,12.2,28,1
23,34,21,5,10.166666666666666,23,2
23,24,30,6,8.714285714285714,33,1
