#,Player Wins,Banker Wins,Ties,Avg Diff,Max Diff,Min Diff
44,25,30,5,10.166666666666666,22,2
44,32,26,2,20.333333333333332,31,2
44,21,34,5,10.166666666666666,21,3
44,25,26,9,6.1,20,2
44,26,29,5,10.166666666666666,19,3
44,25,29,6,8.714285714285714,14,1
44,22,33,5,10.166666666666666,26,1
44,28,27,5,10.166666666666666,20,2
44,26,30,4,12.2,40,1
44,20,29,11,5.083333333333333,17,1
