#,Player Wins,Banker Wins,Ties,Avg Diff,Max Diff,Min Diff
4,24,27,9,6.1,9,1
4,25,28,7,7.625,16,2
4,27,26,7,7.625,18,1
4,24,30,6,8.714285714285714,25,2
4,25,31,4,12.2,42,1
4,29,25,6,8.714285714285714,21,1
4,31,22,7,7.625,16,2
4,24,31,5,10.166666666666666,18,1
4,30,24,6,8.714285714285714,31,2
4,32,21,7,7.625,17,3
