#,Player Wins,Banker Wins,Ties,Avg Diff,Max Diff,Min Diff
12,23,29,8,6.571428571428571,19,1
12,19,35,6,9.4,15,1
12,24,31,5,14.25,27,6
12,30,25,5,8.75,23,1
12,28,25,7,7.833333333333333,15,1
12,24,31,5,12.0,31,4
12,34,21,5,7.75,15,2
12,29,28,3,11.0,19,3
12,23,29,8,6.428571428571429,15,1
12,28,28,4,13.333333333333334,26,2
