#,Player Wins,Banker Wins,Ties,Avg Diff,Max Diff,Min Diff
25,29,27,4,12.2,31,3
25,21,36,3,15.25,28,4
25,29,26,5,10.166666666666666,26,1
25,25,27,8,6.777777777777778,21,1
25,28,26,6,8.714285714285714,16,2
25,21,36,3,15.25,31,3
25,27,30,3,15.25,45,2
25,37,18,5,10.166666666666666,15,2
25,26,24,10,5.545454545454546,17,2
25,26,30,4,12.2,18,7
