#,Player Wins,Banker Wins,Ties,Avg Diff,Max Diff,Min Diff
11,23,32,5,10.166666666666666,23,2
11,22,32,6,8.714285714285714,25,2
11,24,32,4,12.2,30,1
11,28,28,4,12.2,25,2
11,32,25,3,15.25,41,1
11,25,29,6,8.714285714285714,22,2
11,26,24,10,5.545454545454546,26,1
11,29,24,7,7.625,14,2
11,31,24,5,10.166666666666666,28,1
11,31,21,8,6.777777777777778,23,1
