#,Player Wins,Banker Wins,Ties,Avg Diff,Max Diff,Min Diff
5,32,25,3,15.25,37,3
5,22,32,6,8.714285714285714,32,1
5,28,28,4,12.2,36,2
5,25,31,4,12.2,24,4
5,30,23,7,7.625,29,2
5,28,29,3,15.25,27,5
5,23,32,5,10.166666666666666,24,1
5,29,28,3,15.25,18,10
5,26,28,6,8.714285714285714,13,5
5,28,28,4,12.2,27,1
