#,Player Wins,Banker Wins,Ties,Avg Diff,Max Diff,Min Diff
12,25,29,6,8.8,14,1
12,28,24,8,5.142857142857143,12,1
12,25,28,7,8.5,16,1
12,24,31,5,12.25,23,2
12,21,33,6,8.6,19,2
12,24,29,7,9.333333333333334,20,1
12,27,27,6,9.4,27,1
12,22,33,5,11.25,39,1
12,28,24,8,5.285714285714286,12,1
12,20,36,4,7.333333333333333,20,1
