#,Player Wins,Banker Wins,Ties,Avg Diff,Max Diff,Min Diff
20,22,30,8,8.0,19,1
20,29,24,7,8.0,14,2
20,29,26,5,7.25,22,2
20,26,27,7,8.666666666666666,18,1
20,26,31,3,14.0,20,8
20,29,25,6,10.8,22,5
20,29,25,6,10.8,19,2
20,26,30,4,19.0,26,10
20,26,29,5,10.25,17,2
20,25,25,10,6.222222222222222,17,1
