#,Player Wins,Banker Wins,Ties,Avg Diff,Max Diff,Min Diff
26,27,25,8,6.857142857142857,27,2
26,29,27,4,6.666666666666667,15,1
26,25,31,4,16.333333333333332,24,4
26,25,28,7,8.333333333333334,22,1
26,22,32,6,9.2,24,1
26,24,31,5,12.25,19,2
26,33,24,3,15.5,28,3
26,22,32,6,3.8,6,2
26,35,22,3,25.5,33,18
26,35,18,7,7.666666666666667,15,1
