#,Player Wins,Banker Wins,Ties,Avg Diff,Max Diff,Min Diff
18,25,29,6,10.8,23,1
18,27,24,9,3.125,5,1
18,25,27,8,8.428571428571429,23,2
18,21,33,6,9.2,28,1
18,23,33,4,15.666666666666666,35,1
18,28,26,6,3.8,9,1
18,25,34,1,0,0,0
18,26,29,5,10.75,21,2
18,28,23,9,6.75,16,1
18,35,21,4,11.666666666666666,30,2
