#,Player Wins,Banker Wins,Ties,Avg Diff,Max Diff,Min Diff
48,30,23,7,8.5,15,1
48,27,26,7,8.0,23,1
48,28,25,7,7.833333333333333,16,2
48,23,34,3,8.0,15,1
48,29,24,7,6.333333333333333,16,1
48,29,23,8,6.0,12,1
48,25,26,9,7.0,32,1
48,28,30,2,19.0,19,19
48,25,25,10,6.222222222222222,12,1
48,27,26,7,8.5,18,1
