#,Player Wins,Banker Wins,Ties,Avg Diff,Max Diff,Min Diff
20,26,28,6,8.714285714285714,18,3
20,28,28,4,12.2,31,5
20,22,30,8,6.777777777777778,14,1
20,33,23,4,12.2,39,1
20,30,27,3,15.25,19,12
20,28,24,8,6.777777777777778,18,1
20,26,31,3,15.25,25,3
20,27,28,5,10.166666666666666,18,3
20,28,24,8,6.777777777777778,18,2
20,26,28,6,8.714285714285714,17,1
