#,Player Wins,Banker Wins,Ties,Avg Diff,Max Diff,Min Diff
42,18,33,9,6.625,13,1
42,28,22,10,5.444444444444445,15,1
42,29,23,8,6.714285714285714,12,1
42,26,27,7,7.833333333333333,17,1
42,25,31,4,9.333333333333334,15,3
42,28,26,6,5.4,11,1
42,25,26,9,6.25,17,2
42,29,26,5,6.75,12,2
42,24,32,4,12.333333333333334,19,3
42,24,32,4,17.666666666666668,21,14
