#,Player Wins,Banker Wins,Ties,Avg Diff,Max Diff,Min Diff
5,30,26,4,8.666666666666666,11,5
5,27,26,7,7.333333333333333,14,4
5,28,25,7,5.833333333333333,18,2
5,28,28,4,13.666666666666666,33,1
5,26,29,5,13.25,27,2
5,27,27,6,10.6,18,5
5,31,25,4,9.666666666666666,19,4
5,28,28,4,15.0,17,11
5,26,30,4,2.0,3,1
5,25,28,7,6.666666666666667,12,1
