#,Player Wins,Banker Wins,Ties,Avg Diff,Max Diff,Min Diff
10,31,23,6,10.0,21,3
10,27,29,4,10.666666666666666,22,3
10,32,22,6,8.0,18,2
10,25,25,10,5.777777777777778,10,2
10,30,23,7,8.166666666666666,21,1
10,20,32,8,6.0,11,1
10,28,28,4,13.666666666666666,35,1
10,28,26,6,6.6,14,1
10,25,31,4,13.333333333333334,28,5
10,23,31,6,6.6,21,2
