#,Player Wins,Banker Wins,Ties,Avg Diff,Max Diff,Min Diff
11,29,27,4,14.666666666666666,39,2
11,28,25,7,9.5,18,4
11,23,31,6,3.6,11,1
11,25,28,7,8.833333333333334,23,1
11,25,27,8,6.428571428571429,15,1
11,30,27,3,17.0,20,14
11,29,27,4,17.333333333333332,22,10
11,28,26,6,9.8,39,1
11,21,27,12,4.636363636363637,9,1
11,23,29,8,7.428571428571429,13,4
