#,Player Wins,Banker Wins,Ties,Avg Diff,Max Diff,Min Diff
48,30,20,10,5.111111111111111,12,2
48,26,32,2,9.0,9,9
48,29,22,9,7.125,19,2
48,24,29,7,5.333333333333333,16,1
48,26,31,3,25.5,40,11
48,29,26,5,6.75,13,2
48,20,32,8,5.428571428571429,15,1
48,32,26,2,18.0,18,18
48,25,28,7,8.833333333333334,21,3
48,23,29,8,7.142857142857143,14,2
