#,Player Wins,Banker Wins,Ties,Avg Diff,Max Diff,Min Diff
28,23,32,5,10.166666666666666,34,1
28,25,29,6,8.714285714285714,15,4
28,32,22,6,8.714285714285714,32,1
28,29,26,5,10.166666666666666,32,2
28,25,28,7,7.625,27,3
28,21,35,4,12.2,32,1
28,25,29,6,8.714285714285714,13,3
28,25,32,3,15.25,32,6
28,32,22,6,8.714285714285714,19,2
28,25,32,3,15.25,32,1
