#,Player Wins,Banker Wins,Ties,Avg Diff,Max Diff,Min Diff
22,28,29,3,16.0,23,9
22,25,29,6,10.6,21,2
22,27,29,4,14.666666666666666,33,4
22,28,26,6,9.2,19,2
22,31,24,5,8.75,16,3
22,28,25,7,9.333333333333334,15,4
22,29,26,5,8.0,16,3
22,24,31,5,6.0,18,1
22,31,22,7,8.166666666666666,16,1
22,22,32,6,7.2,14,1
