#,Player Wins,Banker Wins,Ties,Avg Diff,Max Diff,Min Diff
12,29,25,6,8.714285714285714,16,4
12,25,33,2,20.333333333333332,35,11
12,34,24,2,20.333333333333332,29,6
12,30,27,3,15.25,38,2
12,24,32,4,12.2,36,1
12,27,29,4,12.2,21,1
12,27,28,5,10.166666666666666,22,1
12,29,25,6,8.714285714285714,26,2
12,29,27,4,12.2,23,3
12,26,30,4,12.2,31,1
