#,Player Wins,Banker Wins,Ties,Avg Diff,Max Diff,Min Diff
22,20,31,9,6.625,20,1
22,21,34,5,12.5,31,4
22,18,36,6,5.8,10,3
22,26,27,7,8.833333333333334,23,1
22,28,29,3,20.0,22,18
22,38,19,3,26.5,44,9
22,24,33,3,18.5,25,12
22,35,23,2,3.0,3,3
22,27,26,7,8.666666666666666,19,4
22,24,30,6,10.0,15,7
