#,Player Wins,Banker Wins,Ties,Avg Diff,Max Diff,Min Diff
8,27,29,4,12.2,32,1
8,25,27,8,6.777777777777778,20,3
8,28,29,3,15.25,23,8
8,19,38,3,15.25,25,1
8,28,25,7,7.625,23,1
8,27,27,6,8.714285714285714,19,2
8,23,34,3,15.25,25,8
8,25,30,5,10.166666666666666,27,6
8,31,26,3,15.25,29,2
8,26,28,6,8.714285714285714,19,2
