#,Player Wins,Banker Wins,Ties,Avg Diff,Max Diff,Min Diff
41,27,27,6,7.4,18,1
41,27,26,7,8.333333333333334,16,2
41,26,29,5,12.25,20,6
41,22,31,7,7.833333333333333,25,2
41,22,34,4,14.333333333333334,24,6
41,24,30,6,10.2,31,1
41,32,25,3,17.0,33,1
41,32,26,2,46.0,46,46
41,24,28,8,6.142857142857143,12,2
41,26,30,4,4.0,8,2
