#,Player Wins,Banker Wins,Ties,Avg Diff,Max Diff,Min Diff
35,22,30,8,6.777777777777778,21,1
35,25,31,4,12.2,32,1
35,26,27,7,7.625,22,3
35,25,35,0,61.0,61,61
35,20,31,9,6.1,15,1
35,26,32,2,20.333333333333332,24,17
35,27,29,4,12.2,38,2
35,20,34,6,8.714285714285714,26,1
35,25,28,7,7.625,11,2
35,28,27,5,10.166666666666666,16,2
