#,Player Wins,Banker Wins,Ties,Avg Diff,Max Diff,Min Diff
19,18,35,7,8.0,19,1
19,29,22,9,6.125,22,1
19,34,23,3,24.5,29,20
19,24,30,6,10.6,18,3
19,28,25,7,6.5,16,1
19,31,24,5,13.75,21,1
19,28,29,3,2.5,4,1
19,28,27,5,5.0,7,2
19,23,33,4,14.333333333333334,30,1
19,17,31,12,4.636363636363637,19,1
