#,Player Wins,Banker Wins,Ties,Avg Diff,Max Diff,Min Diff
40,29,25,6,8.714285714285714,25,2
40,26,26,8,6.777777777777778,17,2
40,30,27,3,15.25,21,10
40,24,28,8,6.777777777777778,18,1
40,27,31,2,20.333333333333332,43,4
40,18,34,8,6.777777777777778,13,1
40,24,31,5,10.166666666666666,16,2
40,28,25,7,7.625,13,1
40,25,31,4,12.2,23,2
40,28,28,4,12.2,20,4
