#,Player Wins,Banker Wins,Ties,Avg Diff,Max Diff,Min Diff
31,31,25,4,12.0,27,2
31,27,30,3,28.5,38,19
31,27,25,8,6.714285714285714,22,1
31,28,28,4,12.0,23,3
31,28,30,2,34.0,34,34
31,25,30,5,6.75,10,4
31,26,30,4,13.666666666666666,18,5
31,25,29,6,6.8,18,3
31,25,29,6,10.0,16,2
31,25,31,4,12.333333333333334,19,3
