#,Player Wins,Banker Wins,Ties,Avg Diff,Max Diff,Min Diff
35,25,31,4,14.333333333333334,21,5
35,25,32,3,19.0,20,18
35,27,26,7,8.833333333333334,20,3
35,27,25,8,8.0,24,1
35,28,25,7,5.833333333333333,15,1
35,26,32,2,9.0,9,9
35,37,16,7,6.666666666666667,13,1
35,27,26,7,5.833333333333333,17,1
35,24,29,7,8.166666666666666,13,2
35,35,23,2,5.0,5,5
