#,Player Wins,Banker Wins,Ties,Avg Diff,Max Diff,Min Diff
19,25,25,10,4.333333333333333,10,1
19,30,27,3,23.5,38,9
19,27,25,8,6.142857142857143,12,2
19,27,24,9,6.5,15,2
19,28,22,10,6.0,15,1
19,33,21,6,8.6,20,4
19,27,29,4,4.0,6,2
19,28,27,5,7.5,12,4
19,27,28,5,13.5,24,9
19,20,32,8,7.142857142857143,16,1
