#,Player Wins,Banker Wins,Ties,Avg Diff,Max Diff,Min Diff
23,23,29,8,8.0,16,3
23,27,23,10,6.222222222222222,17,1
23,29,28,3,5.5,6,5
23,24,31,5,14.25,22,10
23,31,23,6,9.6,16,1
23,32,26,2,6.0,6,6
23,27,24,9,4.875,12,1
23,32,18,10,5.888888888888889,24,1
23,26,28,6,10.8,26,2
23,22,31,7,8.5,15,3
