#,Player Wins,Banker Wins,Ties,Avg Diff,Max Diff,Min Diff
42,27,26,7,9.333333333333334,23,1
42,36,21,3,6.5,11,2
42,32,23,5,10.75,18,4
42,25,31,4,12.666666666666666,32,2
42,22,33,5,13.75,33,1
42,29,26,5,10.5,27,1
42,23,29,8,7.428571428571429,16,5
42,28,28,4,14.333333333333334,16,12
42,22,29,9,5.25,18,1
42,26,26,8,5.285714285714286,10,2
