#,Player Wins,Banker Wins,Ties,Avg Diff,Max Diff,Min Diff
3,25,29,6,8.714285714285714,17,3
3,23,32,5,10.166666666666666,29,2
3,30,19,11,5.083333333333333,11,1
3,30,26,4,12.2,43,2
3,31,21,8,6.777777777777778,11,1
3,26,28,6,8.714285714285714,31,1
3,28,27,5,10.166666666666666,20,5
3,35,23,2,20.333333333333332,50,1
3,31,23,6,8.714285714285714,16,3
3,25,28,7,7.625,19,1
