#,Player Wins,Banker Wins,Ties,Avg Diff,Max Diff,Min Diff
7,23,32,5,9.0,10,8
7,36,19,5,12.25,22,1
7,29,27,4,18.666666666666668,32,7
7,30,26,4,18.333333333333332,24,10
7,27,30,3,8.0,11,5
7,26,28,6,11.4,20,6
7,32,23,5,8.75,15,3
7,22,34,4,11.0,17,1
7,25,31,4,10.666666666666666,16,1
7,32,27,1,0,0,0
