#,Player Wins,Banker Wins,Ties,Avg Diff,Max Diff,Min Diff
21,26,32,2,20.333333333333332,54,2
21,27,30,3,15.25,39,2
21,22,34,4,12.2,29,2
21,27,29,4,12.2,27,4
21,25,29,6,8.714285714285714,35,1
21,22,34,4,12.2,16,4
21,28,27,5,10.166666666666666,17,3
21,32,21,7,7.625,15,1
21,21,35,4,12.2,36,2
21,31,23,6,8.714285714285714,24,2
