#,Player Wins,Banker Wins,Ties,Avg Diff,Max Diff,Min Diff
10,29,28,3,15.25,27,7
10,28,28,4,12.2,24,4
10,30,19,11,5.083333333333333,12,1
10,23,33,4,12.2,23,5
10,27,30,3,15.25,26,2
10,25,24,11,5.083333333333333,12,1
10,25,33,2,20.333333333333332,44,8
10,29,29,2,20.333333333333332,35,3
10,29,28,3,15.25,28,5
10,25,28,7,7.625,18,1
