#,Player Wins,Banker Wins,Ties,Avg Diff,Max Diff,Min Diff
4,27,24,9,6.1,14,1
4,24,30,6,8.714285714285714,14,3
4,25,30,5,10.166666666666666,15,4
4,32,20,8,6.777777777777778,24,1
4,27,27,6,8.714285714285714,15,3
4,27,26,7,7.625,18,2
4,25,30,5,10.166666666666666,19,1
4,28,22,10,5.545454545454546,24,1
4,27,23,10,5.545454545454546,15,1
4,27,27,6,8.714285714285714,17,1
