#,Player Wins,Banker Wins,Ties,Avg Diff,Max Diff,Min Diff
41,30,26,4,12.2,19,1
41,30,24,6,8.714285714285714,27,1
41,24,31,5,10.166666666666666,35,2
41,27,27,6,8.714285714285714,25,1
41,28,27,5,10.166666666666666,21,1
41,37,18,5,10.166666666666666,20,1
41,23,35,2,20.333333333333332,39,1
41,28,27,5,10.166666666666666,22,1
41,31,27,2,20.333333333333332,57,1
41,31,24,5,10.166666666666666,25,4
