#,Player Wins,Banker Wins,Ties,Avg Diff,Max Diff,Min Diff
39,28,25,7,7.625,20,1
39,26,29,5,10.166666666666666,17,1
39,27,23,10,5.545454545454546,13,1
39,27,30,3,15.25,41,6
39,26,25,9,6.1,16,2
39,24,29,7,7.625,29,1
39,29,24,7,7.625,18,5
39,27,31,2,20.333333333333332,47,5
39,33,24,3,15.25,32,2
39,29,25,6,8.714285714285714,16,3
