#,Player Wins,Banker Wins,Ties,Avg Diff,Max Diff,Min Diff
35,25,27,8,6.777777777777778,26,3
35,31,23,6,8.714285714285714,26,1
35,25,28,7,7.625,23,3
35,27,27,6,8.714285714285714,32,1
35,21,34,5,10.166666666666666,26,1
35,31,20,9,6.1,22,1
35,29,26,5,10.166666666666666,17,1
35,25,30,5,10.166666666666666,33,1
35,31,24,5,10.166666666666666,19,2
35,30,24,6,8.714285714285714,14,2
