#,Player Wins,Banker Wins,Ties,Avg Diff,Max Diff,Min Diff
45,33,23,4,10.666666666666666,21,1
45,31,24,5,13.25,19,4
45,25,30,5,6.5,10,1
45,30,23,7,7.833333333333333,10,6
45,22,34,4,11.666666666666666,23,3
45,30,26,4,11.333333333333334,16,5
45,26,27,7,7.5,18,1
45,17,39,4,12.333333333333334,19,2
45,27,25,8,7.285714285714286,18,1
45,30,24,6,7.4,27,1
