#,Player Wins,Banker Wins,Ties,Avg Diff,Max Diff,Min Diff
11,24,31,5,10.166666666666666,21,3
11,29,23,8,6.777777777777778,19,1
11,23,32,5,10.166666666666666,16,3
11,26,29,5,10.166666666666666,23,2
11,26,27,7,7.625,20,2
11,29,26,5,10.166666666666666,21,3
11,22,30,8,6.777777777777778,24,1
11,27,24,9,6.1,17,1
11,25,27,8,6.777777777777778,17,1
11,25,32,3,15.25,23,3
