#,Player Wins,Banker Wins,Ties,Avg Diff,Max Diff,Min Diff
9,31,22,7,7.625,21,2
9,26,31,3,15.25,37,1
9,21,33,6,8.714285714285714,28,1
9,28,24,8,6.777777777777778,13,1
9,26,31,3,15.25,29,8
9,28,22,10,5.545454545454546,24,1
9,29,26,5,10.166666666666666,19,5
9,22,34,4,12.2,21,1
9,30,22,8,6.777777777777778,25,2
9,30,25,5,10.166666666666666,34,1
