#,Player Wins,Banker Wins,Ties,Avg Diff,Max Diff,Min Diff
12,24,32,4,12.2,29,4
12,26,25,9,6.1,15,2
12,26,28,6,8.714285714285714,14,2
12,27,25,8,6.777777777777778,17,1
12,21,31,8,6.777777777777778,16,1
12,27,27,6,8.714285714285714,17,1
12,27,31,2,20.333333333333332,32,6
12,24,30,6,8.714285714285714,20,1
12,24,30,6,8.714285714285714,20,1
12,25,28,7,7.625,12,1
