#,Player Wins,Banker Wins,Ties,Avg Diff,Max Diff,Min Diff
40,24,27,9,6.1,17,1
40,31,28,1,30.5,48,13
40,28,25,7,7.625,15,2
40,31,24,5,10.166666666666666,27,1
40,33,20,7,7.625,16,2
40,24,31,5,10.166666666666666,19,1
40,25,26,9,6.1,18,1
40,22,33,5,10.166666666666666,20,1
40,24,29,7,7.625,16,1
40,25,28,7,7.625,24,2
