#,Player Wins,Banker Wins,Ties,Avg Diff,Max Diff,Min Diff
39,28,26,6,8.714285714285714,16,2
39,31,24,5,10.166666666666666,22,1
39,32,25,3,15.25,38,4
39,31,21,8,6.777777777777778,16,1
39,27,31,2,20.333333333333332,45,3
39,27,26,7,7.625,24,1
39,26,31,3,15.25,20,12
39,24,32,4,12.2,19,4
39,28,27,5,10.166666666666666,46,1
39,30,23,7,7.625,15,1
