#,Player Wins,Banker Wins,Ties,Avg Diff,Max Diff,Min Diff
7,29,27,4,12.2,30,2
7,30,21,9,6.1,18,1
7,30,22,8,6.777777777777778,25,1
7,21,32,7,7.625,19,1
7,18,36,6,8.714285714285714,15,2
7,23,31,6,8.714285714285714,21,1
7,30,28,2,20.333333333333332,32,4
7,26,24,10,5.545454545454546,19,1
7,26,25,9,6.1,22,1
7,18,35,7,7.625,20,1
