#,Player Wins,Banker Wins,Ties,Avg Diff,Max Diff,Min Diff
25,26,30,4,15.0,25,4
25,29,27,4,11.0,20,2
25,30,27,3,10.5,20,1
25,30,23,7,9.333333333333334,23,3
25,31,22,7,8.333333333333334,14,1
25,19,36,5,13.0,29,3
25,30,25,5,13.5,27,3
25,31,26,3,23.5,43,4
25,29,27,4,8.333333333333334,15,5
25,27,28,5,9.0,16,5
