#,Player Wins,Banker Wins,Ties,Avg Diff,Max Diff,Min Diff
7,24,26,10,5.545454545454546,18,1
7,18,36,6,8.714285714285714,24,1
7,28,25,7,7.625,30,1
7,31,24,5,10.166666666666666,16,4
7,32,23,5,10.166666666666666,20,2
7,25,32,3,15.25,42,1
7,25,27,8,6.777777777777778,14,2
7,29,27,4,12.2,28,2
7,23,34,3,15.25,38,3
7,32,21,7,7.625,21,1
