#,Player Wins,Banker Wins,Ties,Avg Diff,Max Diff,Min Diff
33,29,23,8,7.857142857142857,16,1
33,28,24,8,7.0,19,1
33,24,32,4,16.333333333333332,42,3
33,28,30,2,1.0,1,1
33,26,30,4,15.666666666666666,30,1
33,20,32,8,6.0,15,1
33,27,22,11,5.6,13,1
33,29,21,10,6.0,14,1
33,26,28,6,8.6,17,1
33,24,28,8,7.714285714285714,17,1
