#,Player Wins,Banker Wins,Ties,Avg Diff,Max Diff,Min Diff
42,27,29,4,12.2,28,1
42,22,30,8,6.777777777777778,12,1
42,19,33,8,6.777777777777778,13,1
42,26,28,6,8.714285714285714,21,2
42,24,32,4,12.2,24,4
42,32,21,7,7.625,30,1
42,25,28,7,7.625,16,2
42,25,32,3,15.25,31,1
42,29,29,2,20.333333333333332,31,1
42,28,29,3,15.25,39,3
