#,Player Wins,Banker Wins,Ties,Avg Diff,Max Diff,Min Diff
14,28,28,4,12.2,29,4
14,23,30,7,7.625,15,3
14,30,23,7,7.625,23,1
14,25,26,9,6.1,19,2
14,32,26,2,20.333333333333332,51,2
14,29,26,5,10.166666666666666,21,6
14,25,30,5,10.166666666666666,22,1
14,21,35,4,12.2,20,2
14,29,21,10,5.545454545454546,16,1
14,26,28,6,8.714285714285714,15,3
