#,Player Wins,Banker Wins,Ties,Avg Diff,Max Diff,Min Diff
44,27,28,5,10.166666666666666,22,1
44,25,27,8,6.777777777777778,35,1
44,27,29,4,12.2,27,2
44,18,35,7,7.625,18,1
44,25,25,10,5.545454545454546,17,1
44,25,31,4,12.2,27,1
44,25,26,9,6.1,12,2
44,24,33,3,15.25,25,5
44,26,28,6,8.714285714285714,16,3
44,29,25,6,8.714285714285714,18,1
