#,Player Wins,Banker Wins,Ties,Avg Diff,Max Diff,Min Diff
12,30,26,4,12.2,18,7
12,30,23,7,7.625,20,1
12,29,27,4,12.2,30,2
12,25,30,5,10.166666666666666,42,1
12,29,25,6,8.714285714285714,30,1
12,22,29,9,6.1,14,2
12,28,27,5,10.166666666666666,21,2
12,25,31,4,12.2,19,5
12,27,24,9,6.1,16,2
12,25,28,7,7.625,25,1
