#,Player Wins,Banker Wins,Ties,Avg Diff,Max Diff,Min Diff
40,27,24,9,6.1,16,1
40,27,26,7,7.625,22,1
40,23,33,4,12.2,28,3
40,22,31,7,7.625,12,1
40,28,24,8,6.777777777777778,14,1
40,21,35,4,12.2,40,1
40,26,30,4,12.2,19,4
40,35,17,8,6.777777777777778,14,1
40,27,29,4,12.2,24,6
40,23,27,10,5.545454545454546,18,1
