#,Player Wins,Banker Wins,Ties,Avg Diff,Max Diff,Min Diff
39,25,29,6,8.714285714285714,17,1
39,32,26,2,20.333333333333332,33,7
39,27,27,6,8.714285714285714,33,1
39,24,27,9,6.1,22,1
39,25,30,5,10.166666666666666,19,1
39,27,30,3,15.25,41,3
39,28,24,8,6.777777777777778,20,1
39,30,27,3,15.25,40,3
39,23,29,8,6.777777777777778,16,1
39,24,30,6,8.714285714285714,29,2
