#,Player Wins,Banker Wins,Ties,Avg Diff,Max Diff,Min Diff
30,20,33,7,8.833333333333334,18,1
30,26,27,7,9.166666666666666,22,1
30,31,22,7,8.5,28,2
30,30,28,2,55.0,55,55
30,17,28,15,4.071428571428571,10,1
30,28,26,6,11.0,24,1
30,25,29,6,4.6,9,2
30,25,28,7,9.833333333333334,22,4
30,29,27,4,4.333333333333333,6,1
30,27,29,4,8.333333333333334,10,5
