#,Player Wins,Banker Wins,Ties,Avg Diff,Max Diff,Min Diff
16,27,30,3,15.25,27,2
16,28,23,9,6.1,16,1
16,29,21,10,5.545454545454546,24,1
16,23,33,4,12.2,23,2
16,25,33,2,20.333333333333332,37,10
16,31,22,7,7.625,17,1
16,26,28,6,8.714285714285714,19,1
16,27,27,6,8.714285714285714,20,2
16,27,30,3,15.25,24,6
16,21,32,7,7.625,27,1
