#,Player Wins,Banker Wins,Ties,Avg Diff,Max Diff,Min Diff
13,21,29,10,5.545454545454546,14,1
13,27,26,7,7.625,27,3
13,26,25,9,6.1,21,1
13,28,27,5,10.166666666666666,19,3
13,20,33,7,7.625,14,2
13,27,24,9,6.1,14,1
13,29,24,7,7.625,15,1
13,26,29,5,10.166666666666666,29,3
13,22,30,8,6.777777777777778,15,1
13,30,25,5,10.166666666666666,22,1
