#,Player Wins,Banker Wins,Ties,Avg Diff,Max Diff,Min Diff
18,24,29,7,7.625,19,1
18,22,32,6,8.714285714285714,19,2
18,22,34,4,12.2,21,3
18,28,30,2,20.333333333333332,42,2
18,30,27,3,15.25,37,5
18,35,21,4,12.2,20,1
18,33,26,1,30.5,51,10
18,30,23,7,7.625,23,1
18,28,28,4,12.2,22,1
18,27,27,6,8.714285714285714,28,1
