#,Player Wins,Banker Wins,Ties,Avg Diff,Max Diff,Min Diff
37,31,16,13,4.357142857142857,10,1
37,24,30,6,8.714285714285714,12,4
37,30,26,4,12.2,24,4
37,29,27,4,12.2,26,2
37,21,33,6,8.714285714285714,20,1
37,34,19,7,7.625,21,1
37,22,33,5,10.166666666666666,23,1
37,27,28,5,10.166666666666666,29,1
37,29,26,5,10.166666666666666,30,1
37,32,22,6,8.714285714285714,21,1
