#,Player Wins,Banker Wins,Ties,Avg Diff,Max Diff,Min Diff
50,32,25,3,6.5,10,3
50,26,29,5,13.5,22,1
50,27,25,8,7.0,19,1
50,29,28,3,8.5,13,4
50,22,28,10,6.333333333333333,21,1
50,27,29,4,5.333333333333333,12,1
50,23,29,8,8.142857142857142,15,3
50,28,27,5,8.5,14,1
50,34,21,5,6.5,13,1
50,29,25,6,10.0,22,1
