#,Player Wins,Banker Wins,Ties,Avg Diff,Max Diff,Min Diff
8,25,29,6,8.714285714285714,20,2
8,26,30,4,12.2,20,8
8,36,20,4,12.2,44,1
8,28,26,6,8.714285714285714,12,4
8,28,26,6,8.714285714285714,17,1
8,32,23,5,10.166666666666666,19,1
8,26,27,7,7.625,28,1
8,30,23,7,7.625,14,1
8,27,28,5,10.166666666666666,23,1
8,28,27,5,10.166666666666666,31,2
