#,Player Wins,Banker Wins,Ties,Avg Diff,Max Diff,Min Diff
43,30,25,5,10.166666666666666,15,4
43,26,23,11,5.083333333333333,12,1
43,28,30,2,20.333333333333332,24,14
43,26,29,5,10.166666666666666,15,4
43,29,25,6,8.714285714285714,21,1
43,29,27,4,12.2,22,5
43,24,29,7,7.625,20,1
43,32,21,7,7.625,22,1
43,32,21,7,7.625,21,1
43,25,27,8,6.777777777777778,18,2
