#,Player Wins,Banker Wins,Ties,Avg Diff,Max Diff,Min Diff
17,31,21,8,6.285714285714286,16,1
17,27,27,6,9.4,25,2
17,23,29,8,6.857142857142857,20,2
17,23,32,5,13.25,27,2
17,25,28,7,7.166666666666667,15,1
17,27,26,7,9.0,16,3
17,30,27,3,13.0,23,3
17,20,34,6,10.2,20,1
17,20,32,8,7.285714285714286,12,2
17,29,26,5,8.25,17,1
