#,Player Wins,Banker Wins,Ties,Avg Diff,Max Diff,Min Diff
29,30,29,1,30.5,34,27
29,29,26,5,10.166666666666666,15,2
29,29,23,8,6.777777777777778,14,1
29,20,35,5,10.166666666666666,30,2
29,30,19,11,5.083333333333333,10,1
29,22,32,6,8.714285714285714,18,2
29,23,33,4,12.2,19,2
29,21,34,5,10.166666666666666,17,3
29,30,25,5,10.166666666666666,32,2
29,27,24,9,6.1,23,1
