#,Player Wins,Banker Wins,Ties,Avg Diff,Max Diff,Min Diff
10,21,36,3,18.0,35,1
10,27,29,4,12.0,17,7
10,26,27,7,8.0,35,1
10,20,31,9,5.375,15,1
10,30,23,7,6.333333333333333,26,1
10,25,31,4,12.666666666666666,28,2
10,24,28,8,7.0,10,2
10,22,31,7,7.666666666666667,20,1
10,21,28,11,5.6,14,1
10,28,26,6,11.6,17,8
