#,Player Wins,Banker Wins,Ties,Avg Diff,Max Diff,Min Diff
42,32,21,7,7.625,13,1
42,33,20,7,7.625,14,3
42,28,29,3,15.25,31,5
42,23,32,5,10.166666666666666,23,1
42,27,28,5,10.166666666666666,16,1
42,26,29,5,10.166666666666666,24,4
42,27,25,8,6.777777777777778,20,1
42,32,22,6,8.714285714285714,34,1
42,24,27,9,6.1,27,1
42,25,27,8,6.777777777777778,12,1
