#,Player Wins,Banker Wins,Ties,Avg Diff,Max Diff,Min Diff
20,25,27,8,6.777777777777778,25,1
20,26,29,5,10.166666666666666,31,1
20,27,28,5,10.166666666666666,19,3
20,29,26,5,10.166666666666666,27,3
20,25,31,4,12.2,28,1
20,36,19,5,10.166666666666666,29,1
20,28,29,3,15.25,20,8
20,24,33,3,15.25,37,1
20,30,24,6,8.714285714285714,17,2
20,17,36,7,7.625,25,2
