#,Player Wins,Banker Wins,Ties,Avg Diff,Max Diff,Min Diff
34,26,28,6,10.8,24,2
34,26,32,2,36.0,36,36
34,30,22,8,6.714285714285714,16,1
34,27,28,5,6.5,17,1
34,27,26,7,8.5,28,1
34,30,27,3,15.5,25,6
34,23,32,5,11.0,17,7
34,31,24,5,12.5,18,8
34,25,29,6,10.6,37,2
34,29,27,4,12.666666666666666,26,6
