#,Player Wins,Banker Wins,Ties,Avg Diff,Max Diff,Min Diff
1,26,28,6,8.714285714285714,23,1
1,28,25,7,7.625,17,1
1,19,34,7,7.625,17,1
1,20,35,5,10.166666666666666,16,3
1,23,25,12,4.6923076923076925,17,1
1,32,27,1,30.5,31,30
1,23,30,7,7.625,19,2
1,27,29,4,12.2,26,1
1,25,29,6,8.714285714285714,21,3
1,28,30,2,20.333333333333332,31,4
