#,Player Wins,Banker Wins,Ties,Avg Diff,Max Diff,Min Diff
8,28,27,5,10.166666666666666,24,4
8,28,28,4,12.2,20,6
8,27,24,9,6.1,16,1
8,34,21,5,10.166666666666666,34,1
8,29,26,5,10.166666666666666,23,1
8,24,29,7,7.625,16,3
8,35,19,6,8.714285714285714,18,2
8,28,24,8,6.777777777777778,17,2
8,23,31,6,8.714285714285714,28,1
8,29,27,4,12.2,22,2
