#,Player Wins,Banker Wins,Ties,Avg Diff,Max Diff,Min Diff
34,27,29,4,12.2,32,2
34,26,25,9,6.1,17,2
34,30,24,6,8.714285714285714,17,2
34,27,26,7,7.625,20,2
34,31,25,4,12.2,26,2
34,23,30,7,7.625,26,1
34,36,21,3,15.25,21,9
34,24,29,7,7.625,24,1
34,31,22,7,7.625,14,2
34,27,27,6,8.714285714285714,13,2
