#,Player Wins,Banker Wins,Ties,Avg Diff,Max Diff,Min Diff
18,26,30,4,12.0,23,3
18,24,33,3,25.5,28,23
18,25,26,9,6.375,15,2
18,35,21,4,18.666666666666668,31,7
18,28,29,3,16.0,29,3
18,18,31,11,5.8,14,1
18,23,31,6,11.6,25,1
18,20,28,12,4.090909090909091,11,1
18,22,33,5,11.25,18,5
18,25,33,2,6.0,6,6
