#,Player Wins,Banker Wins,Ties,Avg Diff,Max Diff,Min Diff
39,31,23,6,10.6,24,1
39,33,23,4,8.0,10,6
39,28,27,5,11.25,19,6
39,27,28,5,9.0,12,4
39,31,24,5,12.0,33,2
39,30,23,7,7.666666666666667,30,1
39,33,20,7,5.833333333333333,12,2
39,23,31,6,9.2,14,2
39,25,28,7,7.0,18,1
39,32,23,5,11.0,26,3
