#,Player Wins,Banker Wins,Ties,Avg Diff,Max Diff,Min Diff
5,28,25,7,5.166666666666667,12,2
5,24,31,5,10.25,22,4
5,27,28,5,13.5,29,4
5,25,28,7,8.0,20,1
5,29,26,5,8.75,12,4
5,29,26,5,14.5,26,4
5,29,26,5,11.25,22,3
5,28,23,9,5.375,8,1
5,27,26,7,9.833333333333334,36,2
5,22,32,6,8.8,20,1
