#,Player Wins,Banker Wins,Ties,Avg Diff,Max Diff,Min Diff
16,25,29,6,9.6,32,1
16,28,29,3,19.5,37,2
16,22,31,7,7.333333333333333,13,1
16,26,29,5,8.25,15,1
16,25,29,6,9.4,17,5
16,27,26,7,7.166666666666667,13,1
16,28,24,8,4.714285714285714,10,2
16,25,27,8,5.714285714285714,18,2
16,23,29,8,6.0,26,1
16,26,28,6,11.2,17,2
