#,Player Wins,Banker Wins,Ties,Avg Diff,Max Diff,Min Diff
1,27,26,7,9.333333333333334,25,2
1,25,24,11,5.6,13,1
1,23,35,2,4.0,4,4
1,24,30,6,7.6,18,1
1,33,20,7,8.333333333333334,15,1
1,30,21,9,4.25,12,1
1,21,32,7,8.166666666666666,16,4
1,25,31,4,10.333333333333334,15,6
1,26,28,6,8.0,14,2
1,30,24,6,8.8,23,1
