#,Player Wins,Banker Wins,Ties,Avg Diff,Max Diff,Min Diff
27,28,20,12,4.7272727272727275,10,1
27,21,32,7,9.666666666666666,17,2
27,30,22,8,3.2857142857142856,9,1
27,24,30,6,7.4,17,1
27,27,28,5,12.0,16,4
27,26,29,5,6.5,13,2
27,24,32,4,12.0,23,3
27,19,36,5,8.25,14,1
27,31,24,5,12.25,34,1
27,34,23,3,14.0,17,11
