#,Player Wins,Banker Wins,Ties,Avg Diff,Max Diff,Min Diff
24,33,23,4,12.333333333333334,17,4
24,28,30,2,19.0,19,19
24,29,25,6,11.0,25,3
24,33,21,6,10.2,20,2
24,24,30,6,10.8,23,1
24,37,17,6,9.6,31,1
24,36,19,5,9.25,21,3
24,28,26,6,8.4,18,3
24,27,26,7,7.666666666666667,13,4
24,27,26,7,8.666666666666666,16,2
