#,Player Wins,Banker Wins,Ties,Avg Diff,Max Diff,Min Diff
40,31,22,7,8.333333333333334,35,1
40,25,31,4,15.0,27,9
40,25,29,6,9.4,22,4
40,32,22,6,11.0,30,1
40,23,31,6,10.0,26,2
40,22,27,11,4.8,22,1
40,27,25,8,6.857142857142857,16,1
40,28,29,3,12.5,16,9
40,30,28,2,14.0,14,14
40,21,37,2,10.0,10,10
