#,Player Wins,Banker Wins,Ties,Avg Diff,Max Diff,Min Diff
14,27,29,4,10.0,23,3
14,29,25,6,4.2,11,1
14,32,25,3,12.0,14,10
14,27,26,7,8.666666666666666,12,1
14,27,32,1,0,0,0
14,32,26,2,3.0,3,3
14,26,24,10,5.555555555555555,17,1
14,22,34,4,17.666666666666668,34,1
14,29,27,4,12.333333333333334,17,6
14,31,24,5,9.5,21,2
