#,Player Wins,Banker Wins,Ties,Avg Diff,Max Diff,Min Diff
47,29,25,6,8.714285714285714,19,1
47,21,36,3,15.25,33,3
47,30,26,4,12.2,32,2
47,29,23,8,6.777777777777778,16,1
47,30,26,4,12.2,25,1
47,29,28,3,15.25,27,2
47,23,31,6,8.714285714285714,16,1
47,26,25,9,6.1,13,1
47,29,26,5,10.166666666666666,16,2
47,34,22,4,12.2,22,1
