#,Player Wins,Banker Wins,Ties,Avg Diff,Max Diff,Min Diff
7,26,29,5,10.75,33,1
7,30,26,4,6.666666666666667,10,1
7,25,30,5,7.75,15,1
7,22,29,9,6.125,12,2
7,25,27,8,7.0,19,1
7,29,26,5,13.25,29,4
7,25,27,8,6.0,15,1
7,25,28,7,5.833333333333333,22,2
7,30,20,10,2.7777777777777777,11,1
7,28,27,5,8.5,16,3
