#,Player Wins,Banker Wins,Ties,Avg Diff,Max Diff,Min Diff
43,30,26,4,12.2,27,6
43,28,25,7,7.625,14,1
43,28,30,2,20.333333333333332,42,5
43,28,27,5,10.166666666666666,18,2
43,26,28,6,8.714285714285714,20,2
43,31,26,3,15.25,38,1
43,24,31,5,10.166666666666666,20,2
43,29,24,7,7.625,17,1
43,29,24,7,7.625,28,1
43,25,28,7,7.625,20,2
