#,Player Wins,Banker Wins,Ties,Avg Diff,Max Diff,Min Diff
8,22,31,7,7.625,22,1
8,26,27,7,7.625,16,2
8,31,23,6,8.714285714285714,15,4
8,24,30,6,8.714285714285714,22,3
8,29,25,6,8.714285714285714,22,1
8,27,29,4,12.2,22,2
8,21,31,8,6.777777777777778,22,1
8,26,27,7,7.625,23,1
8,28,27,5,10.166666666666666,24,3
8,27,26,7,7.625,14,1
