#,Player Wins,Banker Wins,Ties,Avg Diff,Max Diff,Min Diff
50,29,24,7,8.833333333333334,20,2
50,31,25,4,14.333333333333334,30,4
50,33,24,3,10.0,14,6
50,31,28,1,0,0,0
50,25,29,6,11.2,19,2
50,26,31,3,9.0,14,4
50,23,31,6,6.0,12,3
50,28,28,4,9.666666666666666,23,2
50,27,28,5,12.5,27,3
50,25,31,4,17.0,35,3
