#,Player Wins,Banker Wins,Ties,Avg Diff,Max Diff,Min Diff
28,30,22,8,6.777777777777778,26,2
28,34,23,3,15.25,23,5
28,32,25,3,15.25,35,3
28,26,27,7,7.625,23,1
28,24,34,2,20.333333333333332,49,3
28,31,24,5,10.166666666666666,36,1
28,31,21,8,6.777777777777778,19,2
28,20,32,8,6.777777777777778,19,1
28,30,25,5,10.166666666666666,32,2
28,24,25,11,5.083333333333333,15,1
