#,Player Wins,Banker Wins,Ties,Avg Diff,Max Diff,Min Diff
18,28,28,4,12.666666666666666,24,1
18,24,33,3,19.5,35,4
18,23,31,6,8.8,20,1
18,29,25,6,5.6,8,3
18,29,29,2,28.0,28,28
18,23,33,4,6.333333333333333,12,1
18,22,35,3,19.5,32,7
18,25,30,5,13.0,25,1
18,35,22,3,14.5,19,10
18,28,21,11,4.1,8,1
