#,Player Wins,Banker Wins,Ties,Avg Diff,Max Diff,Min Diff
21,29,27,4,10.333333333333334,18,5
21,30,23,7,7.166666666666667,16,1
21,18,36,6,6.4,13,3
21,29,22,9,7.25,16,3
21,25,29,6,10.6,37,1
21,26,26,8,7.857142857142857,14,1
21,29,28,3,16.5,22,11
21,23,30,7,6.5,14,3
21,20,35,5,10.5,15,3
21,24,27,9,6.5,26,1
