#,Player Wins,Banker Wins,Ties,Avg Diff,Max Diff,Min Diff
48,27,26,7,7.625,17,1
48,24,32,4,12.2,44,2
48,24,33,3,15.25,39,2
48,27,31,2,20.333333333333332,28,13
48,28,26,6,8.714285714285714,26,1
48,27,27,6,8.714285714285714,21,1
48,27,24,9,6.1,11,1
48,28,23,9,6.1,17,1
48,27,30,3,15.25,21,5
48,31,26,3,15.25,44,1
