#,Player Wins,Banker Wins,Ties,Avg Diff,Max Diff,Min Diff
2,31,23,6,8.714285714285714,20,1
2,29,30,1,30.5,48,13
2,29,25,6,8.714285714285714,24,1
2,26,28,6,8.714285714285714,22,3
2,27,28,5,10.166666666666666,24,2
2,21,37,2,20.333333333333332,38,6
2,31,22,7,7.625,24,1
2,26,26,8,6.777777777777778,16,1
2,27,30,3,15.25,22,10
2,33,23,4,12.2,22,6
