#,Player Wins,Banker Wins,Ties,Avg Diff,Max Diff,Min Diff
20,30,26,4,12.2,20,3
20,31,25,4,12.2,28,1
20,27,28,5,10.166666666666666,28,3
20,27,28,5,10.166666666666666,19,2
20,29,24,7,7.625,16,1
20,27,29,4,12.2,25,1
20,32,21,7,7.625,19,1
20,31,25,4,12.2,24,1
20,29,24,7,7.625,21,1
20,25,28,7,7.625,15,1
