#,Player Wins,Banker Wins,Ties,Avg Diff,Max Diff,Min Diff
15,33,24,3,15.25,33,1
15,24,34,2,20.333333333333332,33,5
15,28,23,9,6.1,12,1
15,28,29,3,15.25,20,6
15,30,25,5,10.166666666666666,26,2
15,25,29,6,8.714285714285714,24,1
15,24,31,5,10.166666666666666,20,3
15,31,25,4,12.2,25,2
15,26,29,5,10.166666666666666,22,1
15,27,25,8,6.777777777777778,11,1
