#,Player Wins,Banker Wins,Ties,Avg Diff,Max Diff,Min Diff
30,27,27,6,7.2,26,1
30,26,27,7,9.5,32,1
30,26,30,4,6.333333333333333,10,3
30,28,28,4,8.333333333333334,11,6
30,25,33,2,21.0,21,21
30,35,17,8,8.0,14,1
30,25,28,7,8.833333333333334,16,1
30,21,34,5,9.5,20,4
30,30,23,7,8.166666666666666,20,1
30,26,26,8,7.428571428571429,15,1
