#,Player Wins,Banker Wins,Ties,Avg Diff,Max Diff,Min Diff
42,30,24,6,7.4,15,1
42,22,31,7,7.0,15,1
42,42,13,5,8.25,15,5
42,25,29,6,10.6,33,1
42,29,25,6,7.0,19,1
42,28,26,6,8.4,13,2
42,23,30,7,6.333333333333333,12,2
42,31,22,7,7.0,13,2
42,19,31,10,5.888888888888889,13,1
42,33,19,8,5.285714285714286,10,1
