#,Player Wins,Banker Wins,Ties,Avg Diff,Max Diff,Min Diff
5,25,28,7,7.625,24,2
5,25,28,7,7.625,26,2
5,32,23,5,10.166666666666666,38,1
5,23,30,7,7.625,18,2
5,23,32,5,10.166666666666666,19,1
5,27,27,6,8.714285714285714,23,1
5,26,28,6,8.714285714285714,20,1
5,29,25,6,8.714285714285714,29,3
5,29,29,2,20.333333333333332,36,4
5,32,27,1,30.5,31,30
