#,Player Wins,Banker Wins,Ties,Avg Diff,Max Diff,Min Diff
46,25,28,7,5.666666666666667,16,1
46,25,28,7,7.666666666666667,20,1
46,29,29,2,1.0,1,1
46,34,20,6,7.4,13,3
46,30,26,4,16.666666666666668,30,4
46,25,27,8,6.0,19,1
46,21,30,9,5.875,13,1
46,30,23,7,8.166666666666666,19,1
46,26,31,3,7.0,10,4
46,25,29,6,7.4,11,1
