#,Player Wins,Banker Wins,Ties,Avg Diff,Max Diff,Min Diff
29,23,30,7,7.625,19,2
29,22,30,8,6.777777777777778,23,1
29,36,20,4,12.2,20,1
29,29,24,7,7.625,14,3
29,28,27,5,10.166666666666666,18,2
29,27,26,7,7.625,15,1
29,24,31,5,10.166666666666666,20,1
29,24,28,8,6.777777777777778,15,2
29,30,27,3,15.25,31,2
29,24,30,6,8.714285714285714,18,3
