#,Player Wins,Banker Wins,Ties,Avg Diff,Max Diff,Min Diff
7,29,23,8,6.777777777777778,13,2
7,27,26,7,7.625,23,1
7,28,24,8,6.777777777777778,15,1
7,33,23,4,12.2,15,8
7,31,24,5,10.166666666666666,19,1
7,32,23,5,10.166666666666666,15,2
7,26,31,3,15.25,26,3
7,26,27,7,7.625,15,3
7,34,19,7,7.625,14,2
7,25,31,4,12.2,22,3
