#,Player Wins,Banker Wins,Ties,Avg Diff,Max Diff,Min Diff
41,30,26,4,14.333333333333334,31,4
41,33,21,6,6.8,14,2
41,25,28,7,8.0,19,2
41,26,28,6,5.6,10,3
41,23,27,10,3.6666666666666665,7,1
41,29,23,8,6.571428571428571,12,1
41,27,27,6,11.6,33,1
41,21,31,8,6.428571428571429,17,1
41,31,23,6,8.6,14,3
41,22,33,5,13.5,42,2
