#,Player Wins,Banker Wins,Ties,Avg Diff,Max Diff,Min Diff
24,24,30,6,8.714285714285714,16,1
24,26,25,9,6.1,13,1
24,23,27,10,5.545454545454546,15,1
24,29,26,5,10.166666666666666,26,2
24,23,30,7,7.625,14,1
24,28,26,6,8.714285714285714,17,4
24,19,31,10,5.545454545454546,16,1
24,31,23,6,8.714285714285714,22,1
24,28,22,10,5.545454545454546,12,1
24,24,24,12,4.6923076923076925,13,1
