#,Player Wins,Banker Wins,Ties,Avg Diff,Max Diff,Min Diff
36,24,30,6,8.714285714285714,18,1
36,32,24,4,12.2,24,1
36,27,23,10,5.545454545454546,17,1
36,20,33,7,7.625,21,1
36,27,29,4,12.2,37,1
36,26,25,9,6.1,19,1
36,29,25,6,8.714285714285714,29,2
36,30,21,9,6.1,19,1
36,25,30,5,10.166666666666666,15,7
36,22,31,7,7.625,18,2
