#,Player Wins,Banker Wins,Ties,Avg Diff,Max Diff,Min Diff
30,30,27,3,16.0,31,1
30,27,26,7,7.333333333333333,15,1
30,26,26,8,7.285714285714286,14,2
30,28,24,8,6.571428571428571,13,1
30,30,25,5,9.5,28,1
30,34,20,6,5.2,16,1
30,26,29,5,8.0,15,1
30,20,32,8,7.714285714285714,17,1
30,22,32,6,9.0,17,3
30,27,27,6,11.0,19,6
