#,Player Wins,Banker Wins,Ties,Avg Diff,Max Diff,Min Diff
3,24,30,6,8.714285714285714,24,3
3,26,28,6,8.714285714285714,27,2
3,31,19,10,5.545454545454546,16,1
3,31,22,7,7.625,15,2
3,26,26,8,6.777777777777778,20,2
3,29,25,6,8.714285714285714,16,1
3,23,31,6,8.714285714285714,19,3
3,25,31,4,12.2,27,1
3,30,25,5,10.166666666666666,28,2
3,29,29,2,20.333333333333332,49,1
