#,Player Wins,Banker Wins,Ties,Avg Diff,Max Diff,Min Diff
32,26,26,8,6.777777777777778,18,2
32,27,28,5,10.166666666666666,19,1
32,30,25,5,10.166666666666666,22,1
32,31,26,3,15.25,34,4
32,24,32,4,12.2,31,2
32,29,24,7,7.625,21,1
32,29,28,3,15.25,45,3
32,26,25,9,6.1,14,1
32,24,34,2,20.333333333333332,53,3
32,31,21,8,6.777777777777778,19,1
