#,Player Wins,Banker Wins,Ties,Avg Diff,Max Diff,Min Diff
13,27,30,3,15.25,21,7
13,29,26,5,10.166666666666666,22,4
13,34,23,3,15.25,23,5
13,30,24,6,8.714285714285714,28,1
13,28,25,7,7.625,23,4
13,22,31,7,7.625,18,1
13,23,32,5,10.166666666666666,42,1
13,33,22,5,10.166666666666666,22,1
13,35,22,3,15.25,39,4
13,32,24,4,12.2,20,1
