#,Player Wins,Banker Wins,Ties,Avg Diff,Max Diff,Min Diff
30,35,24,1,30.5,40,21
30,30,27,3,15.25,29,6
30,34,20,6,8.714285714285714,15,2
30,22,33,5,10.166666666666666,19,1
30,31,26,3,15.25,26,2
30,25,29,6,8.714285714285714,22,1
30,20,35,5,10.166666666666666,22,2
30,32,24,4,12.2,24,5
30,26,28,6,8.714285714285714,18,1
30,28,26,6,8.714285714285714,18,1
