#,Player Wins,Banker Wins,Ties,Avg Diff,Max Diff,Min Diff
19,19,37,4,15.0,24,10
19,23,31,6,11.0,35,1
19,30,26,4,13.333333333333334,28,1
19,23,30,7,7.0,16,3
19,26,27,7,5.666666666666667,12,1
19,34,22,4,16.666666666666668,24,3
19,25,30,5,12.25,14,9
19,24,30,6,6.6,13,1
19,32,25,3,19.5,36,3
19,29,26,5,9.75,19,1
