#,Player Wins,Banker Wins,Ties,Avg Diff,Max Diff,Min Diff
31,29,21,10,6.444444444444445,16,1
31,26,27,7,4.833333333333333,10,1
31,26,32,2,9.0,9,9
31,27,27,6,8.2,13,2
31,29,23,8,6.0,13,1
31,29,25,6,7.4,14,2
31,35,21,4,13.333333333333334,20,6
31,26,24,10,5.222222222222222,18,1
31,25,30,5,12.25,19,1
31,22,32,6,5.4,12,2
