#,Player Wins,Banker Wins,Ties,Avg Diff,Max Diff,Min Diff
48,30,25,5,10.166666666666666,33,2
48,21,34,5,10.166666666666666,28,4
48,20,35,5,10.166666666666666,18,3
48,32,23,5,10.166666666666666,21,2
48,22,27,11,5.083333333333333,10,1
48,25,32,3,15.25,31,7
48,26,28,6,8.714285714285714,13,3
48,23,30,7,7.625,20,2
48,27,26,7,7.625,20,1
48,29,25,6,8.714285714285714,16,1
