#,Player Wins,Banker Wins,Ties,Avg Diff,Max Diff,Min Diff
1,35,25,0,61.0,61,61
1,35,20,5,10.166666666666666,38,1
1,34,21,5,10.166666666666666,33,1
1,28,24,8,6.777777777777778,23,1
1,26,28,6,8.714285714285714,28,1
1,35,16,9,6.1,13,2
1,26,30,4,12.2,26,1
1,22,35,3,15.25,36,3
1,22,33,5,10.166666666666666,19,1
1,24,29,7,7.625,21,1
