#,Player Wins,Banker Wins,Ties,Avg Diff,Max Diff,Min Diff
6,23,34,3,15.25,29,8
6,35,21,4,12.2,24,2
6,30,23,7,7.625,18,1
6,25,32,3,15.25,22,6
6,26,28,6,8.714285714285714,20,2
6,23,31,6,8.714285714285714,18,2
6,25,26,9,6.1,13,1
6,30,22,8,6.777777777777778,23,1
6,30,25,5,10.166666666666666,28,2
6,29,26,5,10.166666666666666,16,2
