#,Player Wins,Banker Wins,Ties,Avg Diff,Max Diff,Min Diff
17,24,33,3,15.25,33,2
17,30,26,4,12.2,30,1
17,26,27,7,7.625,18,1
17,30,24,6,8.714285714285714,34,1
17,33,25,2,20.333333333333332,29,16
17,25,30,5,10.166666666666666,18,3
17,25,31,4,12.2,24,2
17,29,24,7,7.625,22,1
17,25,27,8,6.777777777777778,19,2
17,22,34,4,12.2,22,2
