#,Player Wins,Banker Wins,Ties,Avg Diff,Max Diff,Min Diff
19,27,26,7,8.5,14,3
19,25,30,5,7.0,21,1
19,28,24,8,7.571428571428571,14,1
19,21,31,8,6.714285714285714,12,2
19,22,35,3,29.5,55,4
19,34,22,4,16.333333333333332,24,5
19,28,28,4,11.333333333333334,16,7
19,25,30,5,5.25,12,1
19,24,32,4,6.333333333333333,8,5
19,25,28,7,8.833333333333334,17,1
