#,Player Wins,Banker Wins,Ties,Avg Diff,Max Diff,Min Diff
4,21,33,6,8.714285714285714,15,3
4,24,28,8,6.777777777777778,24,2
4,26,25,9,6.1,23,1
4,21,34,5,10.166666666666666,23,1
4,30,24,6,8.714285714285714,34,1
4,27,26,7,7.625,16,1
4,28,26,6,8.714285714285714,28,1
4,30,26,4,12.2,24,4
4,25,31,4,12.2,32,3
4,26,28,6,8.714285714285714,24,1
