#,Player Wins,Banker Wins,Ties,Avg Diff,Max Diff,Min Diff
4,29,27,4,12.2,38,1
4,29,26,5,10.166666666666666,18,2
4,31,23,6,8.714285714285714,31,2
4,22,31,7,7.625,13,2
4,28,27,5,10.166666666666666,17,4
4,31,26,3,15.25,24,1
4,31,23,6,8.714285714285714,20,2
4,28,24,8,6.777777777777778,14,3
4,24,31,5,10.166666666666666,18,2
4,25,28,7,7.625,18,2
