#,Player Wins,Banker Wins,Ties,Avg Diff,Max Diff,Min Diff
1,25,27,8,6.777777777777778,17,1
1,34,23,3,15.25,28,4
1,26,30,4,12.2,18,9
1,30,25,5,10.166666666666666,19,1
1,31,27,2,20.333333333333332,29,5
1,27,30,3,15.25,31,1
1,29,24,7,7.625,16,4
1,31,25,4,12.2,20,3
1,32,23,5,10.166666666666666,20,4
1,22,36,2,20.333333333333332,35,5
