#,Player Wins,Banker Wins,Ties,Avg Diff,Max Diff,Min Diff
49,23,29,8,6.857142857142857,14,1
49,27,23,10,6.333333333333333,25,1
49,30,23,7,8.0,21,3
49,32,26,2,9.0,9,9
49,18,34,8,6.142857142857143,18,1
49,32,25,3,10.5,19,2
49,27,30,3,5.0,7,3
49,23,33,4,14.333333333333334,26,4
49,21,33,6,9.2,19,1
49,29,22,9,5.75,10,1
