#,Player Wins,Banker Wins,Ties,Avg Diff,Max Diff,Min Diff
14,26,31,3,15.25,38,4
14,25,33,2,20.333333333333332,52,2
14,37,22,1,30.5,49,12
14,19,34,7,7.625,13,1
14,31,22,7,7.625,16,1
14,31,23,6,8.714285714285714,19,1
14,32,25,3,15.25,32,7
14,22,33,5,10.166666666666666,21,1
14,26,26,8,6.777777777777778,15,1
14,30,23,7,7.625,18,1
