#,Player Wins,Banker Wins,Ties,Avg Diff,Max Diff,Min Diff
37,25,32,3,8.5,9,8
37,21,31,8,6.857142857142857,11,3
37,23,30,7,9.166666666666666,15,2
37,32,23,5,10.75,23,6
37,31,25,4,9.0,18,2
37,29,26,5,11.25,32,3
37,29,27,4,6.333333333333333,13,3
37,23,29,8,5.714285714285714,15,1
37,26,31,3,10.0,13,7
37,27,28,5,10.25,14,6
