#,Player Wins,Banker Wins,Ties,Avg Diff,Max Diff,Min Diff
9,25,29,6,10.2,36,1
9,20,34,6,11.8,36,1
9,27,30,3,25.5,32,19
9,26,30,4,8.333333333333334,13,5
9,23,31,6,10.6,31,1
9,32,22,6,10.8,33,2
9,33,20,7,7.666666666666667,14,2
9,20,37,3,7.5,8,7
9,18,35,7,6.0,12,2
9,21,33,6,2.8,7,1
