#,Player Wins,Banker Wins,Ties,Avg Diff,Max Diff,Min Diff
11,26,29,5,10.166666666666666,23,2
11,22,35,3,15.25,18,12
11,28,28,4,12.2,41,2
11,19,38,3,15.25,22,5
11,31,23,6,8.714285714285714,24,1
11,31,25,4,12.2,26,2
11,23,31,6,8.714285714285714,16,1
11,24,34,2,20.333333333333332,24,15
11,27,28,5,10.166666666666666,38,2
11,33,22,5,10.166666666666666,25,3
