#,Player Wins,Banker Wins,Ties,Avg Diff,Max Diff,Min Diff
15,24,26,10,5.545454545454546,11,1
15,24,30,6,8.714285714285714,18,1
15,27,25,8,6.777777777777778,39,1
15,28,24,8,6.777777777777778,23,1
15,22,30,8,6.777777777777778,27,1
15,20,36,4,12.2,31,4
15,23,33,4,12.2,25,2
15,30,23,7,7.625,15,2
15,23,36,1,30.5,33,28
15,29,29,2,20.333333333333332,24,16
