#,Player Wins,Banker Wins,Ties,Avg Diff,Max Diff,Min Diff
17,24,26,10,5.545454545454546,15,1
17,29,25,6,8.714285714285714,23,1
17,30,23,7,7.625,21,1
17,26,30,4,12.2,33,3
17,20,28,12,4.6923076923076925,9,2
17,25,31,4,12.2,26,2
17,28,28,4,12.2,22,3
17,29,25,6,8.714285714285714,22,1
17,28,23,9,6.1,13,1
17,20,35,5,10.166666666666666,17,4
