#,Player Wins,Banker Wins,Ties,Avg Diff,Max Diff,Min Diff
37,26,32,2,25.0,25,25
37,33,24,3,4.0,7,1
37,24,32,4,10.666666666666666,15,8
37,27,26,7,7.666666666666667,16,3
37,29,27,4,13.666666666666666,23,1
37,24,34,2,24.0,24,24
37,26,27,7,7.833333333333333,16,2
37,25,29,6,8.8,17,1
37,23,31,6,10.6,17,4
37,36,19,5,9.5,16,3
