#,Player Wins,Banker Wins,Ties,Avg Diff,Max Diff,Min Diff
43,22,35,3,21.5,32,11
43,23,28,9,6.875,25,1
43,29,25,6,8.4,21,2
43,25,28,7,8.5,23,2
43,28,27,5,12.25,20,7
43,26,26,8,6.285714285714286,15,1
43,28,23,9,5.375,19,1
43,28,29,3,13.5,16,11
43,20,34,6,8.8,16,2
43,25,31,4,14.666666666666666,19,7
