#,Player Wins,Banker Wins,Ties,Avg Diff,Max Diff,Min Diff
6,28,26,6,10.8,28,3
6,25,28,7,6.0,15,1
6,28,28,4,9.333333333333334,13,7
6,19,37,4,10.0,14,4
6,30,27,3,7.5,9,6
6,22,32,6,10.2,24,1
6,29,24,7,7.833333333333333,22,2
6,28,26,6,10.4,14,6
6,31,20,9,7.0,28,1
6,23,29,8,6.571428571428571,11,3
