#,Player Wins,Banker Wins,Ties,Avg Diff,Max Diff,Min Diff
49,24,27,9,6.1,17,1
49,27,29,4,12.2,43,3
49,32,26,2,20.333333333333332,39,4
49,27,28,5,10.166666666666666,28,1
49,30,23,7,7.625,26,1
49,25,28,7,7.625,20,1
49,33,24,3,15.25,34,3
49,24,29,7,7.625,18,1
49,38,19,3,15.25,27,7
49,27,30,3,15.25,24,3
