#,Player Wins,Banker Wins,Ties,Avg Diff,Max Diff,Min Diff
13,31,21,8,7.571428571428571,17,1
13,30,23,7,6.0,16,1
13,25,27,8,6.571428571428571,15,1
13,27,26,7,3.5,10,1
13,24,29,7,9.166666666666666,16,3
13,22,30,8,6.714285714285714,18,1
13,28,26,6,6.2,17,1
13,25,27,8,7.571428571428571,14,1
13,28,27,5,12.0,25,1
13,28,27,5,8.5,14,3
