#,Player Wins,Banker Wins,Ties,Avg Diff,Max Diff,Min Diff
36,23,33,4,18.333333333333332,43,1
36,32,23,5,4.5,11,1
36,34,21,5,11.25,28,4
36,23,33,4,12.0,20,7
36,25,29,6,7.2,15,3
36,28,28,4,13.333333333333334,32,3
36,35,22,3,19.5,33,6
36,26,29,5,12.0,20,2
36,27,31,2,20.0,20,20
36,33,23,4,11.333333333333334,14,6
