#,Player Wins,Banker Wins,Ties,Avg Diff,Max Diff,Min Diff
39,28,26,6,8.714285714285714,18,1
39,27,26,7,7.625,20,3
39,32,27,1,30.5,40,21
39,22,29,9,6.1,16,1
39,26,31,3,15.25,33,2
39,25,27,8,6.777777777777778,16,2
39,32,21,7,7.625,18,1
39,15,43,2,20.333333333333332,37,1
39,22,29,9,6.1,21,2
39,22,35,3,15.25,29,2
