#,Player Wins,Banker Wins,Ties,Avg Diff,Max Diff,Min Diff
17,23,32,5,11.5,22,5
17,34,21,5,13.25,18,6
17,35,21,4,10.333333333333334,17,2
17,25,30,5,12.5,20,3
17,30,20,10,4.888888888888889,7,1
17,29,29,2,11.0,11,11
17,28,27,5,11.0,18,2
17,30,26,4,7.666666666666667,10,5
17,31,25,4,14.666666666666666,39,1
17,23,33,4,5.333333333333333,9,3
