#,Player Wins,Banker Wins,Ties,Avg Diff,Max Diff,Min Diff
21,26,27,7,7.625,21,1
21,26,29,5,10.166666666666666,23,2
21,28,20,12,4.6923076923076925,12,1
21,33,25,2,20.333333333333332,24,13
21,17,38,5,10.166666666666666,14,1
21,25,30,5,10.166666666666666,29,1
21,24,29,7,7.625,18,3
21,28,28,4,12.2,34,1
21,33,23,4,12.2,29,2
21,30,28,2,20.333333333333332,31,10
