#,Player Wins,Banker Wins,Ties,Avg Diff,Max Diff,Min Diff
29,27,28,5,10.166666666666666,31,1
29,24,32,4,12.2,34,1
29,22,32,6,8.714285714285714,23,2
29,24,33,3,15.25,30,4
29,30,26,4,12.2,25,2
29,31,25,4,12.2,18,7
29,28,22,10,5.545454545454546,13,1
29,30,25,5,10.166666666666666,31,2
29,31,25,4,12.2,27,1
29,31,26,3,15.25,49,2
