#,Player Wins,Banker Wins,Ties,Avg Diff,Max Diff,Min Diff
10,30,28,2,25.0,25,25
10,20,28,12,4.454545454545454,14,1
10,27,26,7,9.333333333333334,23,1
10,32,20,8,7.428571428571429,19,1
10,26,29,5,11.0,19,3
10,28,24,8,6.571428571428571,20,1
10,27,26,7,7.333333333333333,17,2
10,30,26,4,11.0,21,5
10,24,33,3,16.5,27,6
10,23,33,4,13.333333333333334,29,3
