#,Player Wins,Banker Wins,Ties,Avg Diff,Max Diff,Min Diff
25,26,26,8,5.571428571428571,14,1
25,32,21,7,7.833333333333333,19,1
25,27,32,1,0,0,0
25,30,23,7,9.0,23,1
25,26,28,6,9.4,19,3
25,31,24,5,11.5,28,5
25,29,27,4,16.333333333333332,22,12
25,26,26,8,8.0,18,3
25,29,29,2,31.0,31,31
25,21,32,7,9.166666666666666,20,1
