#,Player Wins,Banker Wins,Ties,Avg Diff,Max Diff,Min Diff
45,26,26,8,6.777777777777778,15,1
45,33,23,4,12.2,42,1
45,29,26,5,10.166666666666666,17,3
45,28,28,4,12.2,21,3
45,26,29,5,10.166666666666666,22,1
45,19,31,10,5.545454545454546,33,1
45,32,23,5,10.166666666666666,19,1
45,31,24,5,10.166666666666666,23,1
45,23,32,5,10.166666666666666,34,2
45,30,24,6,8.714285714285714,15,2
