#,Player Wins,Banker Wins,Ties,Avg Diff,Max Diff,Min Diff
48,26,28,6,8.714285714285714,30,2
48,29,26,5,10.166666666666666,17,1
48,27,29,4,12.2,38,2
48,29,23,8,6.777777777777778,13,1
48,27,29,4,12.2,37,3
48,29,30,1,30.5,33,28
48,27,29,4,12.2,29,3
48,28,25,7,7.625,18,1
48,25,32,3,15.25,23,3
48,23,29,8,6.777777777777778,13,2
