#,Player Wins,Banker Wins,Ties,Avg Diff,Max Diff,Min Diff
13,27,28,5,13.25,20,2
13,28,29,3,11.5,14,9
13,24,30,6,10.8,26,2
13,29,27,4,11.333333333333334,14,7
13,31,25,4,14.666666666666666,17,12
13,25,29,6,8.4,21,1
13,29,29,2,7.0,7,7
13,32,26,2,9.0,9,9
13,23,29,8,7.571428571428571,14,1
13,26,33,1,0,0,0
