#,Player Wins,Banker Wins,Ties,Avg Diff,Max Diff,Min Diff
41,27,30,3,15.25,22,3
41,27,28,5,10.166666666666666,19,4
41,24,29,7,7.625,18,2
41,25,32,3,15.25,38,3
41,25,31,4,12.2,17,2
41,33,20,7,7.625,24,3
41,23,31,6,8.714285714285714,20,2
41,18,33,9,6.1,16,1
41,25,27,8,6.777777777777778,19,1
41,26,30,4,12.2,27,4
