#,Player Wins,Banker Wins,Ties,Avg Diff,Max Diff,Min Diff
5,27,23,10,5.555555555555555,21,1
5,28,27,5,9.0,15,2
5,25,30,5,10.25,24,1
5,25,27,8,8.285714285714286,15,1
5,24,27,9,6.75,20,1
5,24,30,6,9.2,23,2
5,28,27,5,6.5,23,1
5,29,27,4,14.333333333333334,28,5
5,30,28,2,20.0,20,20
5,29,24,7,9.5,19,2
