#,Player Wins,Banker Wins,Ties,Avg Diff,Max Diff,Min Diff
32,25,27,8,3.5714285714285716,7,1
32,31,22,7,7.0,16,2
32,26,29,5,8.25,22,2
32,21,32,7,5.666666666666667,9,2
32,26,25,9,7.25,15,3
32,24,32,4,12.333333333333334,17,6
32,24,26,10,5.222222222222222,11,1
32,23,29,8,6.0,12,3
32,23,30,7,7.166666666666667,13,1
32,24,32,4,13.333333333333334,31,1
