#,Player Wins,Banker Wins,Ties,Avg Diff,Max Diff,Min Diff
15,29,28,3,18.5,35,2
15,24,30,6,9.6,35,1
15,29,26,5,13.75,20,2
15,38,18,4,14.333333333333334,20,4
15,28,27,5,3.75,9,1
15,29,25,6,10.4,18,1
15,24,34,2,6.0,6,6
15,23,30,7,5.833333333333333,10,3
15,31,23,6,6.4,15,1
15,23,34,3,24.0,31,17
