#,Player Wins,Banker Wins,Ties,Avg Diff,Max Diff,Min Diff
13,26,28,6,8.714285714285714,14,2
13,28,26,6,8.714285714285714,21,1
13,31,25,4,12.2,16,9
13,24,30,6,8.714285714285714,18,3
13,24,30,6,8.714285714285714,19,1
13,31,23,6,8.714285714285714,21,1
13,24,26,10,5.545454545454546,16,1
13,32,23,5,10.166666666666666,26,1
13,31,24,5,10.166666666666666,16,2
13,29,29,2,20.333333333333332,34,13
