#,Player Wins,Banker Wins,Ties,Avg Diff,Max Diff,Min Diff
33,34,22,4,5.666666666666667,8,4
33,31,22,7,6.333333333333333,12,1
33,27,30,3,4.5,8,1
33,22,35,3,16.0,29,3
33,28,25,7,8.166666666666666,26,1
33,25,29,6,8.0,21,2
33,16,40,4,14.666666666666666,33,5
33,27,28,5,13.5,40,3
33,22,33,5,10.5,18,1
33,24,30,6,9.4,13,5
