#,Player Wins,Banker Wins,Ties,Avg Diff,Max Diff,Min Diff
37,30,26,4,9.333333333333334,24,2
37,30,25,5,13.0,27,1
37,20,30,10,5.777777777777778,14,1
37,28,29,3,4.5,5,4
37,29,25,6,9.8,19,2
37,25,29,6,5.2,9,2
37,31,27,2,19.0,19,19
37,29,25,6,8.2,16,2
37,27,28,5,12.75,27,5
37,23,32,5,7.75,18,3
