#,Player Wins,Banker Wins,Ties,Avg Diff,Max Diff,Min Diff
11,27,24,9,7.125,20,2
11,22,30,8,5.571428571428571,12,2
11,24,27,9,5.625,22,1
11,29,27,4,7.0,10,4
11,22,33,5,12.0,18,1
11,33,24,3,25.5,38,13
11,22,30,8,6.285714285714286,14,1
11,24,28,8,6.714285714285714,21,1
11,27,26,7,6.166666666666667,20,1
11,28,26,6,10.4,47,1
