#,Player Wins,Banker Wins,Ties,Avg Diff,Max Diff,Min Diff
32,25,29,6,8.714285714285714,22,1
32,27,27,6,8.714285714285714,18,1
32,24,30,6,8.714285714285714,19,1
32,23,33,4,12.2,29,2
32,30,27,3,15.25,35,5
32,26,27,7,7.625,21,1
32,30,25,5,10.166666666666666,24,1
32,31,26,3,15.25,29,3
32,28,24,8,6.777777777777778,18,1
32,18,28,14,4.066666666666666,16,1
