#,Player Wins,Banker Wins,Ties,Avg Diff,Max Diff,Min Diff
47,21,29,10,5.545454545454546,13,1
47,28,30,2,20.333333333333332,34,4
47,32,23,5,10.166666666666666,18,4
47,27,27,6,8.714285714285714,15,2
47,20,28,12,4.6923076923076925,14,1
47,34,25,1,30.5,59,2
47,25,30,5,10.166666666666666,31,3
47,26,28,6,8.714285714285714,19,2
47,33,25,2,20.333333333333332,35,7
47,27,29,4,12.2,29,7
