#,Player Wins,Banker Wins,Ties,Avg Diff,Max Diff,Min Diff
41,33,19,8,5.571428571428571,13,1
41,29,24,7,8.333333333333334,27,1
41,28,25,7,8.0,17,2
41,25,28,7,7.333333333333333,13,2
41,22,34,4,3.3333333333333335,5,2
41,25,32,3,18.5,20,17
41,29,26,5,14.0,30,5
41,31,21,8,7.857142857142857,14,2
41,19,36,5,6.75,18,1
41,32,24,4,12.333333333333334,21,8
