#,Player Wins,Banker Wins,Ties,Avg Diff,Max Diff,Min Diff
3,19,35,6,8.6,17,1
3,31,25,4,6.666666666666667,9,4
3,30,25,5,8.75,26,2
3,24,26,10,5.222222222222222,16,1
3,29,29,2,3.0,3,3
3,31,25,4,5.666666666666667,10,3
3,31,24,5,12.0,24,3
3,28,25,7,9.0,18,3
3,32,23,5,9.0,20,1
3,32,25,3,22.5,26,19
