#,Player Wins,Banker Wins,Ties,Avg Diff,Max Diff,Min Diff
43,22,36,2,31.0,31,31
43,24,29,7,8.5,23,1
43,27,27,6,10.8,22,1
43,25,28,7,7.5,13,2
43,31,25,4,7.666666666666667,17,1
43,37,18,5,13.0,26,5
43,26,26,8,5.0,15,1
43,22,28,10,5.777777777777778,19,1
43,25,28,7,8.0,15,2
43,34,20,6,9.2,17,2
