#,Player Wins,Banker Wins,Ties,Avg Diff,Max Diff,Min Diff
4,25,30,5,8.25,18,2
4,26,27,7,5.5,14,2
4,22,30,8,5.714285714285714,8,1
4,24,30,6,9.4,19,5
4,27,29,4,14.0,24,7
4,22,29,9,4.75,10,2
4,33,20,7,4.833333333333333,12,1
4,32,23,5,11.0,31,1
4,24,27,9,6.0,18,1
4,23,32,5,8.0,14,6
