#,Player Wins,Banker Wins,Ties,Avg Diff,Max Diff,Min Diff
33,29,22,9,6.1,10,1
33,28,28,4,12.2,40,1
33,24,27,9,6.1,19,1
33,22,34,4,12.2,21,2
33,26,32,2,20.333333333333332,30,2
33,30,22,8,6.777777777777778,17,1
33,23,31,6,8.714285714285714,34,1
33,23,31,6,8.714285714285714,19,3
33,23,32,5,10.166666666666666,23,1
33,19,33,8,6.777777777777778,19,1
