#,Player Wins,Banker Wins,Ties,Avg Diff,Max Diff,Min Diff
3,25,30,5,7.25,15,3
3,27,27,6,10.2,17,6
3,29,25,6,10.6,22,3
3,28,28,4,4.0,6,2
3,29,29,2,7.0,7,7
3,28,24,8,7.428571428571429,22,1
3,24,31,5,5.0,11,2
3,25,28,7,7.666666666666667,18,1
3,25,28,7,7.5,15,2
3,25,33,2,16.0,16,16
