#,Player Wins,Banker Wins,Ties,Avg Diff,Max Diff,Min Diff
8,23,29,8,5.285714285714286,9,1
8,23,31,6,4.2,8,1
8,22,30,8,5.0,12,1
8,33,19,8,7.571428571428571,15,1
8,34,20,6,7.2,22,1
8,26,28,6,3.0,4,2
8,24,33,3,10.0,19,1
8,27,29,4,12.666666666666666,32,3
8,28,31,1,0,0,0
8,26,28,6,10.4,34,1
