#,Player Wins,Banker Wins,Ties,Avg Diff,Max Diff,Min Diff
26,26,28,6,8.714285714285714,27,1
26,26,32,2,20.333333333333332,41,1
26,24,29,7,7.625,25,1
26,23,33,4,12.2,26,1
26,24,32,4,12.2,26,1
26,37,18,5,10.166666666666666,36,1
26,26,29,5,10.166666666666666,25,1
26,23,27,10,5.545454545454546,13,1
26,19,38,3,15.25,41,3
26,32,22,6,8.714285714285714,15,2
