#,Player Wins,Banker Wins,Ties,Avg Diff,Max Diff,Min Diff
44,25,31,4,11.333333333333334,18,7
44,30,26,4,14.0,17,12
44,20,33,7,8.333333333333334,17,3
44,29,26,5,11.25,23,5
44,25,29,6,8.4,18,1
44,30,27,3,19.5,22,17
44,25,29,6,10.8,15,1
44,29,23,8,6.857142857142857,31,1
44,35,21,4,12.333333333333334,17,4
44,29,25,6,11.2,28,1
