#,Player Wins,Banker Wins,Ties,Avg Diff,Max Diff,Min Diff
20,29,27,4,16.333333333333332,29,7
20,24,29,7,8.5,19,1
20,26,29,5,7.0,10,2
20,26,27,7,8.166666666666666,18,1
20,23,34,3,9.5,12,7
20,33,22,5,11.0,33,2
20,28,26,6,8.0,18,1
20,21,32,7,8.5,18,5
20,35,20,5,10.25,17,6
20,23,29,8,5.857142857142857,21,1
