#,Player Wins,Banker Wins,Ties,Avg Diff,Max Diff,Min Diff
38,32,21,7,9.666666666666666,21,4
38,26,27,7,7.0,26,1
38,24,30,6,10.6,15,3
38,25,28,7,9.5,21,3
38,27,25,8,7.714285714285714,21,1
38,24,31,5,13.75,26,4
38,27,29,4,12.0,16,6
38,28,29,3,16.5,21,12
38,31,26,3,17.0,33,1
38,36,20,4,13.333333333333334,21,5
