#,Player Wins,Banker Wins,Ties,Avg Diff,Max Diff,Min Diff
26,26,29,5,10.166666666666666,30,1
26,32,21,7,7.625,17,1
26,31,23,6,8.714285714285714,27,1
26,29,23,8,6.777777777777778,15,1
26,36,22,2,20.333333333333332,25,14
26,25,32,3,15.25,28,7
26,25,30,5,10.166666666666666,26,1
26,32,23,5,10.166666666666666,28,2
26,34,23,3,15.25,24,4
26,25,30,5,10.166666666666666,30,4
