#,Player Wins,Banker Wins,Ties,Avg Diff,Max Diff,Min Diff
47,20,32,8,6.714285714285714,21,1
47,19,38,3,6.0,7,5
47,22,31,7,6.833333333333333,14,2
47,32,22,6,9.8,17,4
47,29,26,5,13.25,43,1
47,32,23,5,14.5,33,1
47,24,34,2,8.0,8,8
47,27,29,4,12.333333333333334,28,2
47,26,26,8,7.285714285714286,22,1
47,32,20,8,7.285714285714286,20,1
