#,Player Wins,Banker Wins,Ties,Avg Diff,Max Diff,Min Diff
2,29,26,5,10.166666666666666,20,6
2,16,34,10,5.545454545454546,20,1
2,32,25,3,15.25,30,6
2,26,28,6,8.714285714285714,22,1
2,23,27,10,5.545454545454546,11,2
2,24,28,8,6.777777777777778,19,1
2,24,33,3,15.25,27,8
2,29,22,9,6.1,21,1
2,27,31,2,20.333333333333332,35,10
2,28,26,6,8.714285714285714,18,1
