#,Player Wins,Banker Wins,Ties,Avg Diff,Max Diff,Min Diff
37,29,27,4,12.2,25,2
37,29,29,2,20.333333333333332,38,4
37,27,29,4,12.2,15,4
37,22,32,6,8.714285714285714,16,4
37,31,21,8,6.777777777777778,11,2
37,24,32,4,12.2,24,2
37,32,20,8,6.777777777777778,17,1
37,18,34,8,6.777777777777778,31,1
37,27,26,7,7.625,17,1
37,26,32,2,20.333333333333332,35,8
