#,Player Wins,Banker Wins,Ties,Avg Diff,Max Diff,Min Diff
40,22,35,3,15.25,20,11
40,26,28,6,8.714285714285714,25,1
40,26,29,5,10.166666666666666,33,1
40,24,29,7,7.625,23,1
40,23,33,4,12.2,18,7
40,26,26,8,6.777777777777778,20,1
40,32,23,5,10.166666666666666,40,1
40,33,22,5,10.166666666666666,23,3
40,30,27,3,15.25,30,4
40,24,29,7,7.625,23,2
