#,Player Wins,Banker Wins,Ties,Avg Diff,Max Diff,Min Diff
49,15,38,7,7.625,16,2
49,24,30,6,8.714285714285714,18,2
49,31,24,5,10.166666666666666,27,1
49,32,24,4,12.2,24,2
49,32,25,3,15.25,32,8
49,24,29,7,7.625,25,1
49,28,28,4,12.2,31,3
49,23,31,6,8.714285714285714,17,1
49,22,33,5,10.166666666666666,20,3
49,32,20,8,6.777777777777778,18,1
