#,Player Wins,Banker Wins,Ties,Avg Diff,Max Diff,Min Diff
28,29,25,6,6.2,18,1
28,28,25,7,4.833333333333333,12,1
28,27,31,2,2.0,2,2
28,26,30,4,9.333333333333334,16,2
28,28,24,8,7.714285714285714,13,1
28,28,29,3,12.0,12,12
28,28,26,6,8.6,19,1
28,29,26,5,11.0,24,2
28,29,24,7,8.0,12,4
28,25,31,4,12.0,22,2
