#,Player Wins,Banker Wins,Ties,Avg Diff,Max Diff,Min Diff
22,21,32,7,8.833333333333334,12,4
22,25,28,7,9.166666666666666,20,1
22,23,30,7,7.5,22,1
22,32,24,4,12.333333333333334,17,3
22,28,27,5,9.0,25,1
22,25,30,5,12.75,26,4
22,21,34,5,9.0,14,1
22,30,24,6,9.8,25,2
22,31,25,4,14.666666666666666,33,2
22,21,34,5,13.25,16,9
