#,Player Wins,Banker Wins,Ties,Avg Diff,Max Diff,Min Diff
50,34,17,9,6.1,14,1
50,25,26,9,6.1,15,1
50,25,33,2,20.333333333333332,46,1
50,29,25,6,8.714285714285714,12,4
50,29,25,6,8.714285714285714,20,1
50,35,20,5,10.166666666666666,16,1
50,32,18,10,5.545454545454546,15,1
50,23,30,7,7.625,37,1
50,26,29,5,10.166666666666666,45,1
50,27,29,4,12.2,42,1
