#,Player Wins,Banker Wins,Ties,Avg Diff,Max Diff,Min Diff
16,24,28,8,7.142857142857143,22,2
16,25,28,7,5.333333333333333,12,1
16,34,22,4,16.0,26,10
16,25,31,4,14.0,37,2
16,28,26,6,8.4,22,1
16,31,20,9,7.0,23,1
16,26,30,4,15.333333333333334,26,2
16,29,26,5,12.25,25,2
16,26,28,6,4.8,17,1
16,22,35,3,17.0,23,11
