#,Player Wins,Banker Wins,Ties,Avg Diff,Max Diff,Min Diff
19,24,28,8,6.777777777777778,17,2
19,28,28,4,12.2,19,6
19,22,31,7,7.625,19,1
19,27,27,6,8.714285714285714,17,2
19,25,27,8,6.777777777777778,15,1
19,24,26,10,5.545454545454546,17,1
19,29,23,8,6.777777777777778,20,1
19,22,33,5,10.166666666666666,29,1
19,23,27,10,5.545454545454546,13,1
19,32,23,5,10.166666666666666,22,2
