#,Player Wins,Banker Wins,Ties,Avg Diff,Max Diff,Min Diff
3,34,25,1,30.5,57,4
3,25,22,13,4.357142857142857,13,2
3,23,31,6,8.714285714285714,18,3
3,26,29,5,10.166666666666666,20,2
3,23,28,9,6.1,23,1
3,31,26,3,15.25,23,5
3,18,34,8,6.777777777777778,24,2
3,26,29,5,10.166666666666666,26,1
3,26,27,7,7.625,17,1
3,33,21,6,8.714285714285714,14,2
