#,Player Wins,Banker Wins,Ties,Avg Diff,Max Diff,Min Diff
45,31,21,8,7.571428571428571,20,1
45,30,26,4,4.666666666666667,11,1
45,32,25,3,13.0,22,4
45,31,27,2,22.0,22,22
45,25,29,6,11.2,19,4
45,26,28,6,10.2,17,3
45,29,26,5,4.25,7,2
45,24,30,6,11.6,36,1
45,25,30,5,8.0,16,2
45,36,19,5,7.5,13,3
