#,Player Wins,Banker Wins,Ties,Avg Diff,Max Diff,Min Diff
6,26,29,5,11.75,29,2
6,27,26,7,5.333333333333333,10,1
6,23,31,6,11.4,16,6
6,23,33,4,9.333333333333334,16,1
6,23,32,5,9.0,20,3
6,29,27,4,4.0,6,1
6,31,22,7,8.166666666666666,26,1
6,26,30,4,14.333333333333334,25,3
6,28,27,5,9.25,13,3
6,28,25,7,5.333333333333333,10,1
