#,Player Wins,Banker Wins,Ties,Avg Diff,Max Diff,Min Diff
33,26,29,5,9.75,20,2
33,27,26,7,8.5,24,1
33,28,28,4,10.0,15,2
33,27,28,5,12.5,33,1
33,20,32,8,7.142857142857143,23,3
33,21,36,3,10.0,15,5
33,26,27,7,6.333333333333333,21,1
33,28,28,4,16.666666666666668,26,8
33,22,33,5,11.25,20,5
33,21,29,10,6.333333333333333,19,1
