#,Player Wins,Banker Wins,Ties,Avg Diff,Max Diff,Min Diff
5,24,25,11,5.083333333333333,16,1
5,28,27,5,10.166666666666666,27,4
5,33,22,5,10.166666666666666,21,4
5,30,26,4,12.2,24,4
5,25,26,9,6.1,12,1
5,22,35,3,15.25,29,6
5,32,25,3,15.25,27,5
5,30,25,5,10.166666666666666,28,1
5,34,23,3,15.25,25,6
5,24,29,7,7.625,15,2
