#,Player Wins,Banker Wins,Ties,Avg Diff,Max Diff,Min Diff
36,24,33,3,15.25,34,4
36,26,28,6,8.714285714285714,30,1
36,26,29,5,10.166666666666666,37,1
36,27,30,3,15.25,38,2
36,30,26,4,12.2,43,1
36,23,31,6,8.714285714285714,14,1
36,28,29,3,15.25,48,2
36,36,21,3,15.25,33,1
36,20,32,8,6.777777777777778,12,1
36,29,24,7,7.625,14,1
