#,Player Wins,Banker Wins,Ties,Avg Diff,Max Diff,Min Diff
49,22,33,5,13.0,23,3
49,25,30,5,4.75,6,3
49,24,31,5,11.5,18,5
49,26,27,7,5.833333333333333,11,2
49,25,27,8,7.428571428571429,23,1
49,32,25,3,7.5,11,4
49,27,26,7,6.666666666666667,14,3
49,26,25,9,4.625,12,1
49,29,24,7,9.0,15,1
49,31,27,2,45.0,45,45
