#,Player Wins,Banker Wins,Ties,Avg Diff,Max Diff,Min Diff
44,24,31,5,6.25,10,3
44,26,29,5,12.5,36,3
44,33,20,7,9.333333333333334,19,2
44,29,24,7,8.666666666666666,21,1
44,22,29,9,6.25,11,1
44,35,21,4,3.3333333333333335,4,3
44,27,25,8,6.714285714285714,17,2
44,20,33,7,7.333333333333333,27,1
44,19,33,8,6.0,13,1
44,21,36,3,9.5,15,4
