#,Player Wins,Banker Wins,Ties,Avg Diff,Max Diff,Min Diff
1,23,29,8,6.777777777777778,14,1
1,22,30,8,6.777777777777778,18,1
1,24,30,6,8.714285714285714,23,1
1,22,33,5,10.166666666666666,26,1
1,19,33,8,6.777777777777778,23,1
1,30,27,3,15.25,28,6
1,25,30,5,10.166666666666666,19,1
1,31,26,3,15.25,26,1
1,27,28,5,10.166666666666666,22,4
1,30,25,5,10.166666666666666,20,4
