#,Player Wins,Banker Wins,Ties,Avg Diff,Max Diff,Min Diff
7,24,30,6,8.714285714285714,20,2
7,26,28,6,8.714285714285714,18,3
7,24,30,6,8.714285714285714,20,1
7,26,29,5,10.166666666666666,30,1
7,28,27,5,10.166666666666666,25,4
7,30,23,7,7.625,16,1
7,23,30,7,7.625,19,1
7,27,29,4,12.2,29,1
7,21,34,5,10.166666666666666,17,3
7,29,27,4,12.2,32,3
