#,Player Wins,Banker Wins,Ties,Avg Diff,Max Diff,Min Diff
36,25,28,7,7.625,15,1
36,27,26,7,7.625,12,3
36,26,27,7,7.625,14,1
36,22,29,9,6.1,19,1
36,30,27,3,15.25,32,7
36,28,30,2,20.333333333333332,29,16
36,31,23,6,8.714285714285714,24,1
36,28,23,9,6.1,17,1
36,23,32,5,10.166666666666666,23,2
36,26,27,7,7.625,17,1
