#,Player Wins,Banker Wins,Ties,Avg Diff,Max Diff,Min Diff
4,24,31,5,10.166666666666666,32,1
4,28,26,6,8.714285714285714,22,2
4,24,30,6,8.714285714285714,15,1
4,25,29,6,8.714285714285714,17,1
4,35,20,5,10.166666666666666,22,3
4,22,30,8,6.777777777777778,21,1
4,31,23,6,8.714285714285714,20,2
4,26,30,4,12.2,38,1
4,22,29,9,6.1,19,1
4,27,26,7,7.625,20,1
