#,Player Wins,Banker Wins,Ties,Avg Diff,Max Diff,Min Diff
23,28,28,4,17.666666666666668,31,9
23,27,32,1,0,0,0
23,31,20,9,7.125,30,1
23,24,29,7,6.666666666666667,27,1
23,23,34,3,16.5,31,2
23,29,25,6,6.2,10,2
23,31,24,5,8.0,14,1
23,27,27,6,9.2,16,2
23,30,26,4,14.0,31,4
23,29,27,4,10.333333333333334,19,5
