#,Player Wins,Banker Wins,Ties,Avg Diff,Max Diff,Min Diff
45,29,25,6,10.4,26,4
45,22,31,7,8.166666666666666,30,2
45,29,29,2,4.0,4,4
45,29,25,6,9.6,12,3
45,27,28,5,8.75,19,2
45,26,23,11,4.6,12,1
45,24,29,7,7.833333333333333,20,3
45,25,30,5,3.5,8,1
45,26,27,7,9.166666666666666,30,1
45,31,20,9,5.375,10,3
