#,Player Wins,Banker Wins,Ties,Avg Diff,Max Diff,Min Diff
42,26,28,6,8.714285714285714,28,1
42,33,25,2,20.333333333333332,50,5
42,19,34,7,7.625,35,1
42,27,26,7,7.625,15,1
42,29,27,4,12.2,28,1
42,21,32,7,7.625,24,1
42,27,26,7,7.625,17,1
42,21,32,7,7.625,25,2
42,26,27,7,7.625,21,1
42,28,27,5,10.166666666666666,39,1
