#,Player Wins,Banker Wins,Ties,Avg Diff,Max Diff,Min Diff
39,25,27,8,6.777777777777778,17,1
39,29,28,3,15.25,38,7
39,23,33,4,12.2,22,1
39,26,28,6,8.714285714285714,23,2
39,23,30,7,7.625,13,1
39,32,23,5,10.166666666666666,24,2
39,27,27,6,8.714285714285714,22,1
39,19,31,10,5.545454545454546,12,1
39,24,32,4,12.2,23,1
39,33,21,6,8.714285714285714,18,1
