#,Player Wins,Banker Wins,Ties,Avg Diff,Max Diff,Min Diff
24,28,27,5,10.166666666666666,24,1
24,26,28,6,8.714285714285714,41,1
24,31,25,4,12.2,23,2
24,29,27,4,12.2,21,6
24,26,27,7,7.625,24,1
24,29,24,7,7.625,27,2
24,26,23,11,5.083333333333333,11,1
24,29,28,3,15.25,22,3
24,28,24,8,6.777777777777778,16,1
24,26,33,1,30.5,40,21
