#,Player Wins,Banker Wins,Ties,Avg Diff,Max Diff,Min Diff
21,28,28,4,12.2,26,2
21,25,29,6,8.714285714285714,21,1
21,31,24,5,10.166666666666666,16,2
21,22,34,4,12.2,33,3
21,28,26,6,8.714285714285714,27,1
21,27,26,7,7.625,17,1
21,29,23,8,6.777777777777778,14,2
21,20,30,10,5.545454545454546,23,1
21,26,25,9,6.1,16,1
21,25,29,6,8.714285714285714,19,2
