#,Player Wins,Banker Wins,Ties,Avg Diff,Max Diff,Min Diff
22,25,30,5,10.166666666666666,26,1
22,19,38,3,15.25,34,2
22,23,32,5,10.166666666666666,39,1
22,24,26,10,5.545454545454546,15,1
22,29,24,7,7.625,13,4
22,28,26,6,8.714285714285714,18,1
22,23,30,7,7.625,17,2
22,24,31,5,10.166666666666666,20,3
22,36,23,1,30.5,46,15
22,35,20,5,10.166666666666666,20,4
