#,Player Wins,Banker Wins,Ties,Avg Diff,Max Diff,Min Diff
11,24,28,8,5.571428571428571,11,1
11,20,30,10,5.555555555555555,11,1
11,22,32,6,6.6,11,2
11,32,22,6,10.0,16,1
11,24,29,7,5.166666666666667,14,1
11,30,25,5,8.75,21,1
11,26,32,2,9.0,9,9
11,23,30,7,9.666666666666666,18,5
11,24,32,4,13.333333333333334,19,8
11,21,37,2,28.0,28,28
