#,Player Wins,Banker Wins,Ties,Avg Diff,Max Diff,Min Diff
34,28,24,8,6.777777777777778,22,1
34,25,29,6,8.714285714285714,29,1
34,18,36,6,8.714285714285714,22,1
34,29,24,7,7.625,24,1
34,26,28,6,8.714285714285714,19,4
34,24,32,4,12.2,18,6
34,25,31,4,12.2,21,2
34,24,34,2,20.333333333333332,40,2
34,26,27,7,7.625,19,1
34,29,28,3,15.25,31,2
