#,Player Wins,Banker Wins,Ties,Avg Diff,Max Diff,Min Diff
21,28,26,6,11.2,23,1
21,26,30,4,13.333333333333334,24,8
21,26,30,4,9.0,20,1
21,25,28,7,7.333333333333333,15,4
21,23,32,5,6.5,11,1
21,32,23,5,7.75,21,2
21,30,24,6,9.2,13,5
21,25,30,5,10.0,13,3
21,26,32,2,5.0,5,5
21,31,25,4,11.666666666666666,18,8
