#,Player Wins,Banker Wins,Ties,Avg Diff,Max Diff,Min Diff
16,22,27,11,5.083333333333333,16,1
16,29,24,7,7.625,25,2
16,30,25,5,10.166666666666666,27,2
16,29,25,6,8.714285714285714,12,3
16,33,23,4,12.2,23,1
16,23,32,5,10.166666666666666,22,3
16,25,28,7,7.625,15,2
16,20,35,5,10.166666666666666,27,1
16,30,22,8,6.777777777777778,23,1
16,23,32,5,10.166666666666666,22,3
