#,Player Wins,Banker Wins,Ties,Avg Diff,Max Diff,Min Diff
12,25,27,8,6.777777777777778,20,1
12,23,30,7,7.625,23,1
12,23,29,8,6.777777777777778,13,1
12,31,24,5,10.166666666666666,19,4
12,25,33,2,20.333333333333332,46,1
12,22,36,2,20.333333333333332,37,6
12,33,22,5,10.166666666666666,20,3
12,25,31,4,12.2,25,2
12,27,28,5,10.166666666666666,24,2
12,29,27,4,12.2,22,7
