#,Player Wins,Banker Wins,Ties,Avg Diff,Max Diff,Min Diff
26,20,37,3,15.25,19,13
26,19,32,9,6.1,16,2
26,32,25,3,15.25,41,2
26,27,29,4,12.2,28,2
26,29,27,4,12.2,19,7
26,21,31,8,6.777777777777778,21,1
26,32,24,4,12.2,23,1
26,24,31,5,10.166666666666666,22,1
26,27,29,4,12.2,20,7
26,30,24,6,8.714285714285714,15,2
