#,Player Wins,Banker Wins,Ties,Avg Diff,Max Diff,Min Diff
28,31,22,7,8.666666666666666,16,1
28,21,37,2,6.0,6,6
28,28,30,2,35.0,35,35
28,27,30,3,9.5,16,3
28,29,29,2,13.0,13,13
28,26,30,4,16.0,38,4
28,24,30,6,9.2,22,2
28,21,35,4,18.666666666666668,27,5
28,30,27,3,24.0,40,8
28,26,31,3,17.0,29,5
