#,Player Wins,Banker Wins,Ties,Avg Diff,Max Diff,Min Diff
50,18,36,6,8.714285714285714,22,1
50,25,27,8,6.777777777777778,15,1
50,36,18,6,8.714285714285714,22,1
50,25,33,2,20.333333333333332,32,4
50,25,29,6,8.714285714285714,30,1
50,29,27,4,12.2,22,7
50,26,30,4,12.2,18,2
50,32,25,3,15.25,46,1
50,28,21,11,5.083333333333333,13,1
50,25,28,7,7.625,19,3
