#,Player Wins,Banker Wins,Ties,Avg Diff,Max Diff,Min Diff
24,36,19,5,8.5,17,2
24,28,28,4,4.666666666666667,8,2
24,25,30,5,13.5,26,4
24,24,29,7,7.333333333333333,14,2
24,28,24,8,7.142857142857143,21,1
24,19,33,8,3.857142857142857,8,1
24,34,20,6,3.2,6,1
24,29,25,6,9.4,17,2
24,30,26,4,12.666666666666666,18,7
24,27,23,10,6.555555555555555,26,1
