#,Player Wins,Banker Wins,Ties,Avg Diff,Max Diff,Min Diff
45,22,34,4,12.2,31,2
45,17,34,9,6.1,14,2
45,25,33,2,20.333333333333332,29,13
45,27,25,8,6.777777777777778,25,1
45,22,30,8,6.777777777777778,21,1
45,27,29,4,12.2,21,2
45,24,24,12,4.6923076923076925,16,1
45,27,26,7,7.625,18,1
45,32,23,5,10.166666666666666,19,3
45,31,21,8,6.777777777777778,17,2
