#,Player Wins,Banker Wins,Ties,Avg Diff,Max Diff,Min Diff
35,29,23,8,6.777777777777778,15,1
35,28,26,6,8.714285714285714,24,1
35,25,31,4,12.2,21,4
35,30,26,4,12.2,25,2
35,28,29,3,15.25,50,1
35,30,25,5,10.166666666666666,20,1
35,23,31,6,8.714285714285714,16,3
35,22,29,9,6.1,14,1
35,23,31,6,8.714285714285714,36,1
35,29,24,7,7.625,13,2
