#,Player Wins,Banker Wins,Ties,Avg Diff,Max Diff,Min Diff
15,27,21,12,4.6923076923076925,13,1
15,24,33,3,15.25,34,3
15,35,21,4,12.2,18,3
15,25,30,5,10.166666666666666,24,3
15,24,28,8,6.777777777777778,19,2
15,31,24,5,10.166666666666666,25,2
15,23,27,10,5.545454545454546,16,1
15,24,27,9,6.1,12,2
15,29,26,5,10.166666666666666,22,2
15,29,25,6,8.714285714285714,19,2
