#,Player Wins,Banker Wins,Ties,Avg Diff,Max Diff,Min Diff
16,24,31,5,10.166666666666666,18,3
16,34,20,6,8.714285714285714,18,1
16,29,22,9,6.1,15,1
16,27,29,4,12.2,49,1
16,31,21,8,6.777777777777778,24,1
16,23,30,7,7.625,19,3
16,27,23,10,5.545454545454546,11,2
16,28,27,5,10.166666666666666,24,1
16,29,27,4,12.2,25,2
16,28,23,9,6.1,23,1
