#,Player Wins,Banker Wins,Ties,Avg Diff,Max Diff,Min Diff
49,31,27,2,20.333333333333332,40,6
49,26,29,5,10.166666666666666,17,6
49,28,25,7,7.625,41,1
49,35,22,3,15.25,22,1
49,23,34,3,15.25,33,6
49,26,23,11,5.083333333333333,14,1
49,23,28,9,6.1,20,1
49,25,30,5,10.166666666666666,20,4
49,27,25,8,6.777777777777778,11,2
49,33,24,3,15.25,25,11
