#,Player Wins,Banker Wins,Ties,Avg Diff,Max Diff,Min Diff
34,31,23,6,4.2,8,2
34,24,26,10,6.111111111111111,11,1
34,24,32,4,15.666666666666666,29,6
34,26,31,3,8.0,10,6
34,31,24,5,13.0,27,4
34,18,32,10,4.666666666666667,11,1
34,24,30,6,8.4,27,1
34,26,30,4,12.333333333333334,17,3
34,21,30,9,4.625,10,1
34,25,27,8,5.714285714285714,8,2
