#,Player Wins,Banker Wins,Ties,Avg Diff,Max Diff,Min Diff
36,27,25,8,6.777777777777778,21,1
36,25,25,10,5.545454545454546,10,2
36,23,27,10,5.545454545454546,14,2
36,25,30,5,10.166666666666666,33,3
36,22,31,7,7.625,25,1
36,27,29,4,12.2,21,2
36,21,38,1,30.5,31,30
36,25,27,8,6.777777777777778,15,1
36,30,25,5,10.166666666666666,21,3
36,23,30,7,7.625,25,1
