#,Player Wins,Banker Wins,Ties,Avg Diff,Max Diff,Min Diff
9,30,24,6,8.714285714285714,26,1
9,27,24,9,6.1,14,1
9,28,27,5,10.166666666666666,15,1
9,22,34,4,12.2,33,1
9,29,27,4,12.2,20,4
9,19,36,5,10.166666666666666,22,3
9,27,28,5,10.166666666666666,23,3
9,25,27,8,6.777777777777778,15,1
9,31,28,1,30.5,41,20
9,25,28,7,7.625,19,1
