#,Player Wins,Banker Wins,Ties,Avg Diff,Max Diff,Min Diff
43,28,26,6,8.714285714285714,21,2
43,31,21,8,6.777777777777778,24,1
43,23,33,4,12.2,22,6
43,22,32,6,8.714285714285714,17,1
43,22,29,9,6.1,27,1
43,30,26,4,12.2,23,5
43,18,34,8,6.777777777777778,22,1
43,22,32,6,8.714285714285714,18,2
43,23,30,7,7.625,24,1
43,32,25,3,15.25,26,2
