#,Player Wins,Banker Wins,Ties,Avg Diff,Max Diff,Min Diff
46,32,24,4,12.2,31,2
46,29,25,6,8.714285714285714,18,1
46,28,25,7,7.625,23,1
46,32,22,6,8.714285714285714,25,2
46,29,29,2,20.333333333333332,26,13
46,29,24,7,7.625,17,2
46,24,27,9,6.1,18,1
46,24,26,10,5.545454545454546,14,1
46,30,27,3,15.25,24,8
46,27,30,3,15.25,29,2
