#,Player Wins,Banker Wins,Ties,Avg Diff,Max Diff,Min Diff
33,31,26,3,15.25,37,6
33,24,31,5,10.166666666666666,21,1
33,28,28,4,12.2,19,4
33,28,29,3,15.25,30,3
33,26,29,5,10.166666666666666,17,6
33,27,26,7,7.625,16,4
33,30,26,4,12.2,32,2
33,30,25,5,10.166666666666666,18,4
33,27,25,8,6.777777777777778,20,1
33,28,26,6,8.714285714285714,18,1
