#,Player Wins,Banker Wins,Ties,Avg Diff,Max Diff,Min Diff
27,25,29,6,5.6,12,1
27,26,26,8,5.285714285714286,10,2
27,26,30,4,8.0,10,5
27,29,29,2,6.0,6,6
27,27,29,4,16.333333333333332,33,7
27,25,28,7,8.833333333333334,16,2
27,33,26,1,0,0,0
27,26,29,5,11.5,22,4
27,21,30,9,5.125,9,1
27,29,27,4,8.666666666666666,13,5
