#,Player Wins,Banker Wins,Ties,Avg Diff,Max Diff,Min Diff
6,27,27,6,10.6,20,5
6,28,29,3,24.5,39,10
6,22,30,8,7.0,14,1
6,29,27,4,14.333333333333334,22,1
6,24,27,9,6.25,22,1
6,33,22,5,12.25,22,5
6,26,30,4,8.333333333333334,22,1
6,28,25,7,9.666666666666666,44,1
6,28,26,6,7.0,17,2
6,32,23,5,11.25,23,6
