#,Player Wins,Banker Wins,Ties,Avg Diff,Max Diff,Min Diff
29,36,21,3,15.0,21,9
29,25,28,7,9.833333333333334,21,1
29,24,29,7,7.333333333333333,20,1
29,31,27,2,2.0,2,2
29,24,31,5,5.0,8,1
29,25,23,12,4.181818181818182,10,1
29,28,28,4,14.0,17,9
29,28,28,4,16.333333333333332,20,14
29,26,29,5,12.5,34,3
29,33,23,4,12.666666666666666,35,1
