#,Player Wins,Banker Wins,Ties,Avg Diff,Max Diff,Min Diff
13,33,17,10,5.333333333333333,15,1
13,30,22,8,7.142857142857143,19,2
13,21,30,9,6.0,13,2
13,24,29,7,6.0,12,1
13,24,27,9,6.0,13,1
13,26,30,4,16.0,24,3
13,23,34,3,14.5,16,13
13,27,27,6,6.0,10,1
13,24,30,6,7.4,15,3
13,31,23,6,10.0,21,3
