#,Player Wins,Banker Wins,Ties,Avg Diff,Max Diff,Min Diff
31,25,28,7,8.5,15,4
31,28,28,4,16.0,35,2
31,24,30,6,7.2,13,3
31,28,29,3,6.5,12,1
31,29,19,12,4.454545454545454,10,1
31,27,30,3,3.5,6,1
31,34,23,3,16.0,18,14
31,26,22,12,4.909090909090909,16,1
31,21,28,11,4.8,12,1
31,24,27,9,5.875,12,1
