#,Player Wins,Banker Wins,Ties,Avg Diff,Max Diff,Min Diff
9,17,38,5,11.0,19,4
9,26,22,12,5.181818181818182,21,1
9,24,31,5,10.25,18,1
9,27,31,2,21.0,21,21
9,25,33,2,24.0,24,24
9,21,34,5,11.25,25,4
9,28,24,8,7.857142857142857,15,3
9,30,25,5,11.5,24,3
9,22,34,4,10.0,19,3
9,27,29,4,14.333333333333334,24,1
