#,Player Wins,Banker Wins,Ties,Avg Diff,Max Diff,Min Diff
20,19,36,5,10.166666666666666,25,3
20,25,27,8,6.777777777777778,20,1
20,29,26,5,10.166666666666666,28,2
20,26,25,9,6.1,15,1
20,21,33,6,8.714285714285714,22,2
20,28,22,10,5.545454545454546,12,1
20,25,27,8,6.777777777777778,12,3
20,28,29,3,15.25,34,3
20,15,35,10,5.545454545454546,10,1
20,33,24,3,15.25,28,3
