#,Player Wins,Banker Wins,Ties,Avg Diff,Max Diff,Min Diff
17,28,25,7,5.833333333333333,17,1
17,24,28,8,8.428571428571429,20,1
17,24,29,7,6.666666666666667,18,1
17,30,27,3,6.0,6,6
17,27,27,6,9.4,17,1
17,25,31,4,5.0,8,1
17,26,29,5,11.75,21,5
17,31,23,6,5.6,17,2
17,29,27,4,16.666666666666668,42,1
17,28,26,6,9.0,20,3
