#,Player Wins,Banker Wins,Ties,Avg Diff,Max Diff,Min Diff
24,28,27,5,8.0,9,7
24,30,26,4,18.666666666666668,27,6
24,23,33,4,14.666666666666666,26,8
24,29,26,5,8.5,15,5
24,24,29,7,7.166666666666667,16,2
24,28,26,6,9.8,18,1
24,27,25,8,8.0,19,2
24,23,35,2,11.0,11,11
24,32,22,6,7.8,17,2
24,30,27,3,16.0,27,5
