#,Player Wins,Banker Wins,Ties,Avg Diff,Max Diff,Min Diff
39,26,28,6,9.2,25,1
39,38,15,7,7.166666666666667,12,4
39,30,20,10,5.777777777777778,16,1
39,25,32,3,17.0,21,13
39,27,28,5,11.0,21,2
39,21,30,9,7.0,23,1
39,27,27,6,10.2,14,3
39,25,28,7,4.5,11,1
39,24,31,5,13.25,39,1
39,26,25,9,4.25,7,1
