#,Player Wins,Banker Wins,Ties,Avg Diff,Max Diff,Min Diff
14,23,30,7,7.625,26,4
14,25,24,11,5.083333333333333,13,1
14,30,25,5,10.166666666666666,36,2
14,20,33,7,7.625,15,1
14,23,27,10,5.545454545454546,26,1
14,31,23,6,8.714285714285714,19,1
14,23,32,5,10.166666666666666,22,3
14,36,21,3,15.25,42,1
14,29,24,7,7.625,24,2
14,35,24,1,30.5,39,22
