#,Player Wins,Banker Wins,Ties,Avg Diff,Max Diff,Min Diff
40,25,27,8,7.714285714285714,15,1
40,29,26,5,9.25,20,2
40,24,29,7,9.5,26,3
40,24,27,9,6.5,15,2
40,21,30,9,6.375,10,2
40,26,28,6,11.2,27,2
40,34,20,6,10.8,26,4
40,26,26,8,7.285714285714286,17,1
40,25,30,5,13.75,21,2
40,31,24,5,12.5,34,4
