#,Player Wins,Banker Wins,Ties,Avg Diff,Max Diff,Min Diff
3,26,26,8,6.777777777777778,13,3
3,30,21,9,6.1,16,1
3,29,26,5,10.166666666666666,20,2
3,21,31,8,6.777777777777778,16,3
3,28,29,3,15.25,35,7
3,23,28,9,6.1,14,1
3,26,25,9,6.1,13,1
3,28,24,8,6.777777777777778,18,1
3,31,24,5,10.166666666666666,24,1
3,22,30,8,6.777777777777778,25,1
