#,Player Wins,Banker Wins,Ties,Avg Diff,Max Diff,Min Diff
18,27,28,5,10.25,22,4
18,23,33,4,12.333333333333334,23,3
18,25,32,3,15.0,24,6
18,18,33,9,6.5,18,1
18,28,28,4,13.333333333333334,21,6
18,26,28,6,9.2,22,1
18,24,28,8,7.428571428571429,17,1
18,28,30,2,1.0,1,1
18,31,25,4,6.666666666666667,13,3
18,30,25,5,14.5,24,1
