#,Player Wins,Banker Wins,Ties,Avg Diff,Max Diff,Min Diff
26,33,25,2,39.0,39,39
26,25,28,7,9.166666666666666,17,5
26,24,30,6,8.0,14,1
26,20,33,7,8.0,17,2
26,24,27,9,6.375,17,1
26,34,21,5,10.0,23,4
26,26,28,6,5.4,16,1
26,31,24,5,10.0,17,2
26,26,29,5,11.5,20,5
26,29,23,8,8.142857142857142,23,1
