#,Player Wins,Banker Wins,Ties,Avg Diff,Max Diff,Min Diff
33,29,24,7,8.833333333333334,20,1
33,26,29,5,11.5,28,1
33,33,25,2,27.0,27,27
33,23,31,6,10.0,24,1
33,30,25,5,11.75,31,1
33,24,30,6,6.6,20,2
33,26,29,5,13.75,29,1
33,20,34,6,10.2,23,3
33,29,27,4,16.666666666666668,21,12
33,27,25,8,6.857142857142857,12,2
