#,Player Wins,Banker Wins,Ties,Avg Diff,Max Diff,Min Diff
14,25,28,7,7.0,15,2
14,25,27,8,7.0,13,1
14,27,26,7,8.833333333333334,20,1
14,26,27,7,7.166666666666667,21,1
14,18,37,5,13.0,32,5
14,25,30,5,10.5,15,6
14,22,33,5,10.75,31,1
14,29,25,6,7.2,16,3
14,23,32,5,8.0,18,2
14,26,27,7,8.833333333333334,18,1
