#,Player Wins,Banker Wins,Ties,Avg Diff,Max Diff,Min Diff
26,32,23,5,10.166666666666666,52,1
26,26,27,7,7.625,19,1
26,24,33,3,15.25,24,3
26,27,26,7,7.625,14,2
26,31,23,6,8.714285714285714,25,1
26,24,32,4,12.2,24,1
26,19,33,8,6.777777777777778,18,1
26,34,18,8,6.777777777777778,14,1
26,34,20,6,8.714285714285714,14,1
26,22,35,3,15.25,25,2
