#,Player Wins,Banker Wins,Ties,Avg Diff,Max Diff,Min Diff
29,23,31,6,11.0,12,10
29,25,28,7,8.166666666666666,19,2
29,27,24,9,6.375,21,1
29,28,25,7,9.166666666666666,25,2
29,30,24,6,11.2,20,1
29,31,24,5,11.5,23,3
29,26,28,6,10.4,21,2
29,27,30,3,17.0,31,3
29,32,25,3,10.0,15,5
29,22,30,8,7.285714285714286,14,2
