#,Player Wins,Banker Wins,Ties,Avg Diff,Max Diff,Min Diff
45,22,28,10,6.333333333333333,22,1
45,21,32,7,8.5,20,2
45,24,32,4,16.0,36,5
45,25,30,5,3.5,5,1
45,33,25,2,11.0,11,11
45,25,27,8,6.571428571428571,12,1
45,24,30,6,5.2,12,1
45,24,31,5,10.25,23,3
45,27,29,4,9.333333333333334,13,2
45,26,28,6,8.0,18,2
