#,Player Wins,Banker Wins,Ties,Avg Diff,Max Diff,Min Diff
40,23,27,10,5.545454545454546,34,1
40,25,31,4,12.2,21,5
40,37,18,5,10.166666666666666,26,2
40,32,24,4,12.2,22,2
40,29,26,5,10.166666666666666,18,4
40,27,25,8,6.777777777777778,19,1
40,30,25,5,10.166666666666666,18,1
40,28,30,2,20.333333333333332,43,5
40,23,28,9,6.1,23,1
40,30,24,6,8.714285714285714,20,1
