#,Player Wins,Banker Wins,Ties,Avg Diff,Max Diff,Min Diff
6,21,33,6,9.6,16,2
6,24,28,8,8.285714285714286,15,1
6,23,28,9,6.25,11,1
6,32,25,3,13.5,25,2
6,26,29,5,4.25,6,2
6,34,23,3,22.0,34,10
6,27,20,13,4.666666666666667,14,1
6,24,29,7,7.833333333333333,17,1
6,23,28,9,6.625,27,1
6,29,24,7,6.833333333333333,20,1
