#,Player Wins,Banker Wins,Ties,Avg Diff,Max Diff,Min Diff
27,23,29,8,6.777777777777778,17,2
27,27,29,4,12.2,15,8
27,32,27,1,30.5,51,10
27,19,31,10,5.545454545454546,16,1
27,25,29,6,8.714285714285714,21,2
27,29,24,7,7.625,26,1
27,27,28,5,10.166666666666666,15,5
27,25,28,7,7.625,15,2
27,22,32,6,8.714285714285714,14,1
27,29,23,8,6.777777777777778,11,2
