#,Player Wins,Banker Wins,Ties,Avg Diff,Max Diff,Min Diff
25,32,23,5,10.166666666666666,15,5
25,22,29,9,6.1,21,1
25,30,27,3,15.25,22,6
25,29,23,8,6.777777777777778,18,1
25,29,27,4,12.2,22,5
25,19,34,7,7.625,20,1
25,27,28,5,10.166666666666666,27,1
25,23,30,7,7.625,18,1
25,24,32,4,12.2,21,4
25,29,28,3,15.25,34,1
