#,Player Wins,Banker Wins,Ties,Avg Diff,Max Diff,Min Diff
8,28,30,2,20.333333333333332,33,1
8,28,27,5,10.166666666666666,32,1
8,26,27,7,7.625,17,1
8,19,36,5,10.166666666666666,36,1
8,28,29,3,15.25,23,4
8,25,28,7,7.625,28,1
8,27,28,5,10.166666666666666,19,2
8,26,28,6,8.714285714285714,23,1
8,17,35,8,6.777777777777778,26,1
8,30,25,5,10.166666666666666,31,1
