#,Player Wins,Banker Wins,Ties,Avg Diff,Max Diff,Min Diff
49,29,26,5,7.75,12,4
49,30,28,2,4.0,4,4
49,22,31,7,9.666666666666666,22,2
49,19,36,5,10.5,19,3
49,27,25,8,8.0,27,2
49,33,23,4,5.333333333333333,7,3
49,30,28,2,45.0,45,45
49,32,19,9,6.875,19,1
49,23,33,4,10.666666666666666,24,1
49,23,31,6,9.2,16,4
