#,Player Wins,Banker Wins,Ties,Avg Diff,Max Diff,Min Diff
41,27,28,5,10.166666666666666,17,5
41,27,30,3,15.25,33,2
41,32,23,5,10.166666666666666,16,6
41,24,32,4,12.2,37,1
41,25,32,3,15.25,21,4
41,28,26,6,8.714285714285714,21,1
41,23,32,5,10.166666666666666,22,2
41,29,24,7,7.625,17,1
41,26,28,6,8.714285714285714,16,3
41,25,32,3,15.25,22,8
