#,Player Wins,Banker Wins,Ties,Avg Diff,Max Diff,Min Diff
47,27,23,10,5.545454545454546,20,1
47,23,34,3,15.25,30,5
47,31,24,5,10.166666666666666,24,1
47,27,30,3,15.25,33,1
47,29,25,6,8.714285714285714,36,1
47,33,22,5,10.166666666666666,28,1
47,29,27,4,12.2,24,1
47,21,34,5,10.166666666666666,12,6
47,26,26,8,6.777777777777778,15,1
47,26,30,4,12.2,26,1
