#,Player Wins,Banker Wins,Ties,Avg Diff,Max Diff,Min Diff
22,28,27,5,11.0,29,2
22,32,25,3,20.0,33,7
22,19,31,10,5.333333333333333,16,1
22,28,28,4,7.666666666666667,16,3
22,30,22,8,6.714285714285714,18,1
22,20,36,4,10.0,17,5
22,30,28,2,2.0,2,2
22,31,24,5,12.25,26,1
22,30,25,5,14.25,23,9
22,22,30,8,5.285714285714286,10,1
