#,Player Wins,Banker Wins,Ties,Avg Diff,Max Diff,Min Diff
32,26,27,7,6.333333333333333,10,2
32,29,24,7,6.5,19,2
32,23,30,7,8.833333333333334,19,1
32,29,25,6,9.2,17,2
32,19,37,4,8.0,15,1
32,25,25,10,5.333333333333333,14,1
32,28,30,2,26.0,26,26
32,32,23,5,10.75,15,1
32,23,33,4,5.0,7,4
32,24,31,5,13.25,28,1
