#,Player Wins,Banker Wins,Ties,Avg Diff,Max Diff,Min Diff
40,23,33,4,12.2,25,1
40,27,24,9,6.1,24,1
40,29,25,6,8.714285714285714,32,1
40,34,24,2,20.333333333333332,38,4
40,29,28,3,15.25,37,2
40,32,22,6,8.714285714285714,24,1
40,25,30,5,10.166666666666666,20,3
40,26,26,8,6.777777777777778,27,2
40,22,33,5,10.166666666666666,30,1
40,28,29,3,15.25,26,4
