#,Player Wins,Banker Wins,Ties,Avg Diff,Max Diff,Min Diff
44,28,27,5,10.166666666666666,25,1
44,26,27,7,7.625,22,1
44,21,30,9,6.1,17,1
44,31,27,2,20.333333333333332,37,4
44,29,27,4,12.2,24,4
44,25,28,7,7.625,17,1
44,31,26,3,15.25,26,7
44,28,28,4,12.2,19,4
44,24,26,10,5.545454545454546,15,1
44,20,35,5,10.166666666666666,16,2
