#,Player Wins,Banker Wins,Ties,Avg Diff,Max Diff,Min Diff
4,23,34,3,26.0,40,12
4,27,23,10,6.111111111111111,16,2
4,31,23,6,11.4,24,1
4,27,28,5,14.25,18,9
4,27,31,2,7.0,7,7
4,33,20,7,8.333333333333334,22,1
4,32,22,6,8.8,31,2
4,32,22,6,10.2,29,3
4,28,25,7,8.5,17,1
4,24,27,9,6.625,19,1
