#,Player Wins,Banker Wins,Ties,Avg Diff,Max Diff,Min Diff
25,26,28,6,8.6,21,4
25,28,26,6,6.6,15,3
25,23,34,3,11.5,21,2
25,24,29,7,5.666666666666667,9,1
25,25,28,7,4.833333333333333,10,1
25,33,24,3,27.5,28,27
25,25,25,10,4.555555555555555,14,1
25,24,26,10,6.222222222222222,37,1
25,33,22,5,13.0,22,1
25,30,21,9,5.875,14,2
