#,Player Wins,Banker Wins,Ties,Avg Diff,Max Diff,Min Diff
25,23,32,5,7.25,10,5
25,23,33,4,14.666666666666666,22,3
25,19,34,7,8.5,35,1
25,23,36,1,0,0,0
25,26,30,4,13.333333333333334,21,8
25,36,20,4,8.0,10,5
25,21,32,7,9.333333333333334,14,4
25,33,23,4,15.0,19,11
25,22,28,10,5.333333333333333,14,1
25,33,21,6,6.0,16,3
