#,Player Wins,Banker Wins,Ties,Avg Diff,Max Diff,Min Diff
40,27,27,6,8.8,17,1
40,27,27,6,10.0,21,5
40,27,29,4,17.333333333333332,32,1
40,32,23,5,13.0,23,7
40,29,28,3,12.0,17,7
40,29,23,8,6.714285714285714,11,3
40,32,23,5,13.75,23,9
40,25,28,7,6.666666666666667,18,2
40,19,37,4,9.666666666666666,15,1
40,26,29,5,9.25,17,2
