#,Player Wins,Banker Wins,Ties,Avg Diff,Max Diff,Min Diff
47,31,26,3,15.25,30,6
47,28,29,3,15.25,27,5
47,23,33,4,12.2,29,1
47,26,28,6,8.714285714285714,14,2
47,26,25,9,6.1,14,1
47,33,22,5,10.166666666666666,35,1
47,20,34,6,8.714285714285714,20,1
47,23,32,5,10.166666666666666,20,3
47,28,29,3,15.25,36,7
47,29,25,6,8.714285714285714,16,3
