#,Player Wins,Banker Wins,Ties,Avg Diff,Max Diff,Min Diff
37,29,26,5,10.166666666666666,39,2
37,18,30,12,4.6923076923076925,14,1
37,31,25,4,12.2,25,1
37,26,29,5,10.166666666666666,23,1
37,29,25,6,8.714285714285714,26,5
37,21,30,9,6.1,13,1
37,23,34,3,15.25,26,10
37,25,25,10,5.545454545454546,18,1
37,22,31,7,7.625,25,1
37,31,23,6,8.714285714285714,15,5
