#,Player Wins,Banker Wins,Ties,Avg Diff,Max Diff,Min Diff
15,24,30,6,9.0,17,1
15,31,24,5,9.0,15,4
15,29,28,3,21.5,35,8
15,26,31,3,16.0,26,6
15,22,32,6,7.8,18,3
15,28,26,6,5.4,11,2
15,34,22,4,10.333333333333334,14,4
15,24,33,3,21.0,33,9
15,24,30,6,8.6,12,1
15,32,21,7,7.666666666666667,18,1
