#,Player Wins,Banker Wins,Ties,Avg Diff,Max Diff,Min Diff
43,24,29,7,7.625,28,1
43,27,22,11,5.083333333333333,15,1
43,26,28,6,8.714285714285714,21,3
43,23,31,6,8.714285714285714,21,4
43,26,30,4,12.2,21,5
43,31,23,6,8.714285714285714,21,2
43,29,25,6,8.714285714285714,30,1
43,26,28,6,8.714285714285714,21,1
43,30,27,3,15.25,31,1
43,29,28,3,15.25,49,1
