#,Player Wins,Banker Wins,Ties,Avg Diff,Max Diff,Min Diff
27,30,25,5,10.75,20,1
27,22,32,6,6.2,9,3
27,24,33,3,18.0,22,14
27,27,25,8,6.142857142857143,23,1
27,32,24,4,13.666666666666666,26,4
27,24,32,4,18.333333333333332,27,3
27,23,29,8,4.0,9,1
27,26,32,2,2.0,2,2
27,30,24,6,9.0,12,3
27,33,24,3,24.0,41,7
