#,Player Wins,Banker Wins,Ties,Avg Diff,Max Diff,Min Diff
2,29,26,5,10.166666666666666,22,2
2,24,30,6,8.714285714285714,16,1
2,28,25,7,7.625,14,1
2,25,30,5,10.166666666666666,30,2
2,28,23,9,6.1,22,2
2,26,29,5,10.166666666666666,24,2
2,20,30,10,5.545454545454546,22,1
2,24,30,6,8.714285714285714,20,1
2,22,31,7,7.625,31,2
2,21,29,10,5.545454545454546,19,1
