#,Player Wins,Banker Wins,Ties,Avg Diff,Max Diff,Min Diff
44,28,28,4,12.2,32,1
44,25,28,7,7.625,15,3
44,33,25,2,20.333333333333332,41,3
44,26,28,6,8.714285714285714,28,1
44,28,24,8,6.777777777777778,19,1
44,28,28,4,12.2,24,2
44,25,29,6,8.714285714285714,21,2
44,26,29,5,10.166666666666666,23,4
44,25,25,10,5.545454545454546,17,1
44,23,28,9,6.1,13,1
