#,Player Wins,Banker Wins,Ties,Avg Diff,Max Diff,Min Diff
44,25,28,7,7.625,21,1
44,29,31,0,61.0,61,61
44,28,31,1,30.5,42,19
44,26,30,4,12.2,27,3
44,27,29,4,12.2,18,7
44,25,31,4,12.2,25,3
44,28,23,9,6.1,19,1
44,29,26,5,10.166666666666666,23,1
44,25,28,7,7.625,16,4
44,29,25,6,8.714285714285714,23,2
