#,Player Wins,Banker Wins,Ties,Avg Diff,Max Diff,Min Diff
44,33,23,4,12.2,37,1
44,29,25,6,8.714285714285714,15,1
44,24,31,5,10.166666666666666,39,1
44,21,28,11,5.083333333333333,12,1
44,27,28,5,10.166666666666666,22,2
44,26,24,10,5.545454545454546,12,1
44,27,27,6,8.714285714285714,16,1
44,24,33,3,15.25,48,1
44,24,29,7,7.625,21,2
44,24,29,7,7.625,16,2
