#,Player Wins,Banker Wins,Ties,Avg Diff,Max Diff,Min Diff
9,20,34,6,8.4,24,3
9,33,21,6,6.2,10,3
9,21,33,6,10.4,33,1
9,26,31,3,19.5,36,3
9,29,25,6,7.4,23,1
9,28,24,8,3.0,8,1
9,24,28,8,7.571428571428571,17,1
9,27,29,4,12.0,20,4
9,34,22,4,13.333333333333334,37,1
9,25,30,5,7.5,17,2
