#,Player Wins,Banker Wins,Ties,Avg Diff,Max Diff,Min Diff
30,21,35,4,14.666666666666666,34,4
30,37,16,7,8.833333333333334,23,1
30,21,31,8,5.714285714285714,15,1
30,28,26,6,10.2,18,1
30,31,25,4,16.0,30,3
30,30,24,6,10.2,19,3
30,26,31,3,17.0,19,15
30,29,28,3,17.0,23,11
30,33,26,1,0,0,0
30,24,29,7,7.666666666666667,17,2
