#,Player Wins,Banker Wins,Ties,Avg Diff,Max Diff,Min Diff
24,34,22,4,12.2,22,5
24,25,27,8,6.777777777777778,18,1
24,27,22,11,5.083333333333333,13,1
24,20,37,3,15.25,35,1
24,28,27,5,10.166666666666666,19,2
24,24,31,5,10.166666666666666,35,3
24,26,32,2,20.333333333333332,39,5
24,27,26,7,7.625,15,1
24,31,24,5,10.166666666666666,17,2
24,24,33,3,15.25,50,1
