#,Player Wins,Banker Wins,Ties,Avg Diff,Max Diff,Min Diff
46,28,29,3,15.25,34,5
46,22,31,7,7.625,23,1
46,23,30,7,7.625,15,1
46,23,32,5,10.166666666666666,42,1
46,20,32,8,6.777777777777778,13,1
46,28,24,8,6.777777777777778,13,3
46,30,22,8,6.777777777777778,26,1
46,30,25,5,10.166666666666666,33,1
46,25,32,3,15.25,26,11
46,28,26,6,8.714285714285714,31,1
