#,Player Wins,Banker Wins,Ties,Avg Diff,Max Diff,Min Diff
11,27,27,6,8.714285714285714,20,2
11,24,30,6,8.714285714285714,26,1
11,26,25,9,6.1,13,2
11,25,33,2,20.333333333333332,40,2
11,30,25,5,10.166666666666666,25,3
11,29,22,9,6.1,18,1
11,30,25,5,10.166666666666666,28,2
11,27,23,10,5.545454545454546,15,2
11,28,26,6,8.714285714285714,23,1
11,19,32,9,6.1,12,1
