#,Player Wins,Banker Wins,Ties,Avg Diff,Max Diff,Min Diff
43,31,23,6,4.4,12,1
43,22,31,7,6.333333333333333,12,1
43,24,29,7,4.5,8,2
43,26,32,2,10.0,10,10
43,25,25,10,5.111111111111111,12,1
43,24,30,6,10.4,23,2
43,34,22,4,12.666666666666666,21,4
43,21,33,6,4.2,9,1
43,35,20,5,11.75,24,6
43,30,24,6,8.6,19,1
