#,Player Wins,Banker Wins,Ties,Avg Diff,Max Diff,Min Diff
40,32,25,3,13.0,15,11
40,23,30,7,8.5,21,1
40,23,35,2,40.0,40,40
40,24,32,4,7.0,12,4
40,24,28,8,7.0,15,4
40,29,24,7,6.666666666666667,23,1
40,26,30,4,15.666666666666666,27,8
40,19,38,3,9.5,12,7
40,28,26,6,11.0,16,5
40,32,26,2,2.0,2,2
