#,Player Wins,Banker Wins,Ties,Avg Diff,Max Diff,Min Diff
20,28,29,3,19.0,37,1
20,31,26,3,14.5,21,8
20,26,30,4,13.666666666666666,31,1
20,25,31,4,9.333333333333334,25,1
20,21,34,5,14.5,23,7
20,30,26,4,6.666666666666667,13,2
20,30,26,4,19.333333333333332,30,6
20,32,24,4,18.666666666666668,24,9
20,27,25,8,7.142857142857143,20,1
20,31,20,9,6.125,13,2
