#,Player Wins,Banker Wins,Ties,Avg Diff,Max Diff,Min Diff
35,23,28,9,6.1,17,1
35,27,30,3,15.25,22,6
35,31,22,7,7.625,20,2
35,25,31,4,12.2,28,1
35,25,30,5,10.166666666666666,30,1
35,29,27,4,12.2,25,2
35,29,29,2,20.333333333333332,35,8
35,28,27,5,10.166666666666666,31,1
35,26,28,6,8.714285714285714,12,5
35,26,33,1,30.5,41,20
