#,Player Wins,Banker Wins,Ties,Avg Diff,Max Diff,Min Diff
30,22,30,8,6.777777777777778,14,1
30,32,23,5,10.166666666666666,21,1
30,21,27,12,4.6923076923076925,11,1
30,26,28,6,8.714285714285714,19,3
30,34,23,3,15.25,36,2
30,34,21,5,10.166666666666666,31,1
30,26,29,5,10.166666666666666,15,3
30,27,28,5,10.166666666666666,14,5
30,24,28,8,6.777777777777778,20,1
30,31,24,5,10.166666666666666,20,1
