#,Player Wins,Banker Wins,Ties,Avg Diff,Max Diff,Min Diff
15,15,33,12,3.6363636363636362,7,2
15,23,28,9,5.75,11,3
15,25,22,13,3.4166666666666665,14,1
15,26,29,5,11.0,23,1
15,24,34,2,22.0,22,22
15,23,33,4,7.0,10,3
15,26,28,6,10.2,28,2
15,32,22,6,10.6,19,5
15,31,24,5,12.25,30,2
15,21,29,10,5.777777777777778,18,1
