#,Player Wins,Banker Wins,Ties,Avg Diff,Max Diff,Min Diff
28,25,26,9,5.5,15,1
28,29,26,5,2.5,3,2
28,33,24,3,16.5,17,16
28,30,23,7,6.5,20,2
28,25,30,5,11.0,18,5
28,23,30,7,6.333333333333333,11,1
28,29,22,9,6.125,15,1
28,24,31,5,12.25,28,2
28,35,21,4,10.666666666666666,21,1
28,24,28,8,8.142857142857142,19,4
