#,Player Wins,Banker Wins,Ties,Avg Diff,Max Diff,Min Diff
27,26,30,4,12.2,30,3
27,29,28,3,15.25,33,1
27,29,26,5,10.166666666666666,18,1
27,24,31,5,10.166666666666666,35,2
27,24,29,7,7.625,23,1
27,29,27,4,12.2,27,2
27,27,29,4,12.2,35,3
27,26,27,7,7.625,18,1
27,24,33,3,15.25,21,1
27,26,25,9,6.1,13,1
