#,Player Wins,Banker Wins,Ties,Avg Diff,Max Diff,Min Diff
11,28,28,4,12.2,24,1
11,24,28,8,6.777777777777778,22,1
11,26,32,2,20.333333333333332,46,6
11,31,26,3,15.25,26,2
11,24,29,7,7.625,17,1
11,22,28,10,5.545454545454546,21,1
11,22,32,6,8.714285714285714,17,4
11,33,25,2,20.333333333333332,27,9
11,31,26,3,15.25,25,1
11,25,31,4,12.2,35,1
