#,Player Wins,Banker Wins,Ties,Avg Diff,Max Diff,Min Diff
14,26,28,6,8.714285714285714,28,1
14,18,37,5,10.166666666666666,15,6
14,29,27,4,12.2,21,3
14,29,26,5,10.166666666666666,39,2
14,31,24,5,10.166666666666666,37,1
14,23,31,6,8.714285714285714,27,1
14,26,31,3,15.25,29,2
14,24,31,5,10.166666666666666,17,2
14,29,24,7,7.625,14,2
14,25,33,2,20.333333333333332,27,11
