#,Player Wins,Banker Wins,Ties,Avg Diff,Max Diff,Min Diff
38,25,27,8,7.142857142857143,18,1
38,30,24,6,8.8,21,1
38,30,21,9,5.125,16,2
38,23,32,5,11.25,22,6
38,31,25,4,11.0,22,2
38,30,26,4,5.666666666666667,11,3
38,26,28,6,10.2,28,1
38,35,21,4,13.333333333333334,34,1
38,18,38,4,17.333333333333332,26,10
38,24,28,8,5.714285714285714,13,1
