#,Player Wins,Banker Wins,Ties,Avg Diff,Max Diff,Min Diff
10,26,31,3,15.25,23,10
10,24,35,1,30.5,47,14
10,24,31,5,10.166666666666666,21,3
10,23,28,9,6.1,18,1
10,19,32,9,6.1,14,1
10,26,28,6,8.714285714285714,18,1
10,21,35,4,12.2,23,4
10,25,31,4,12.2,38,2
10,26,25,9,6.1,13,1
10,31,26,3,15.25,40,2
