#,Player Wins,Banker Wins,Ties,Avg Diff,Max Diff,Min Diff
17,27,26,7,7.625,17,1
17,25,28,7,7.625,20,2
17,22,31,7,7.625,19,3
17,24,26,10,5.545454545454546,12,2
17,28,24,8,6.777777777777778,13,1
17,28,25,7,7.625,22,1
17,21,32,7,7.625,31,1
17,23,31,6,8.714285714285714,22,2
17,20,37,3,15.25,34,4
17,28,30,2,20.333333333333332,28,14
