#,Player Wins,Banker Wins,Ties,Avg Diff,Max Diff,Min Diff
23,24,33,3,22.5,39,6
23,29,26,5,10.5,22,2
23,23,34,3,12.5,15,10
23,29,22,9,7.375,25,1
23,21,35,4,17.666666666666668,40,6
23,18,36,6,11.8,29,1
23,28,27,5,7.5,26,1
23,30,23,7,9.166666666666666,26,1
23,30,23,7,6.5,14,1
23,31,26,3,29.5,56,3
