#,Player Wins,Banker Wins,Ties,Avg Diff,Max Diff,Min Diff
12,21,34,5,12.0,21,3
12,27,26,7,7.833333333333333,26,2
12,24,34,2,7.0,7,7
12,27,31,2,26.0,26,26
12,29,30,1,0,0,0
12,28,28,4,17.333333333333332,31,4
12,23,28,9,5.5,13,1
12,28,25,7,7.666666666666667,19,1
12,30,23,7,8.0,15,3
12,21,31,8,7.0,26,1
