#,Player Wins,Banker Wins,Ties,Avg Diff,Max Diff,Min Diff
13,21,31,8,6.777777777777778,23,1
13,28,25,7,7.625,17,2
13,26,30,4,12.2,30,1
13,28,28,4,12.2,23,7
13,35,18,7,7.625,26,1
13,29,26,5,10.166666666666666,42,1
13,23,29,8,6.777777777777778,13,1
13,20,31,9,6.1,10,1
13,29,25,6,8.714285714285714,24,1
13,30,24,6,8.714285714285714,25,1
