#,Player Wins,Banker Wins,Ties,Avg Diff,Max Diff,Min Diff
3,35,21,4,12.2,24,1
3,31,25,4,12.2,21,2
3,22,34,4,12.2,20,2
3,18,37,5,10.166666666666666,20,1
3,25,33,2,20.333333333333332,44,7
3,22,29,9,6.1,21,1
3,29,29,2,20.333333333333332,37,8
3,19,39,2,20.333333333333332,51,2
3,21,33,6,8.714285714285714,19,2
3,26,25,9,6.1,23,1
