#,Player Wins,Banker Wins,Ties,Avg Diff,Max Diff,Min Diff
23,27,27,6,11.2,21,2
23,28,28,4,17.666666666666668,36,2
23,25,33,2,29.0,29,29
23,25,28,7,6.166666666666667,11,1
23,29,22,9,5.875,16,1
23,25,31,4,12.333333333333334,17,9
23,30,26,4,19.0,36,9
23,27,27,6,6.6,13,1
23,19,33,8,6.285714285714286,16,1
23,22,33,5,14.25,24,9
