#,Player Wins,Banker Wins,Ties,Avg Diff,Max Diff,Min Diff
17,28,25,7,6.333333333333333,14,1
17,29,27,4,10.666666666666666,19,1
17,26,26,8,6.571428571428571,16,1
17,28,22,10,4.888888888888889,14,1
17,28,29,3,22.0,28,16
17,32,22,6,11.0,23,1
17,28,29,3,26.0,45,7
17,33,22,5,13.5,26,6
17,25,31,4,12.333333333333334,19,6
17,29,29,2,27.0,27,27
