#,Player Wins,Banker Wins,Ties,Avg Diff,Max Diff,Min Diff
4,24,33,3,12.0,14,10
4,21,34,5,9.0,25,2
4,25,32,3,7.0,9,5
4,21,32,7,7.666666666666667,14,1
4,29,24,7,6.333333333333333,13,1
4,26,28,6,10.8,24,3
4,25,25,10,6.0,26,1
4,28,30,2,18.0,18,18
4,25,31,4,10.333333333333334,22,3
4,30,26,4,10.0,21,1
