#,Player Wins,Banker Wins,Ties,Avg Diff,Max Diff,Min Diff
37,33,21,6,8.714285714285714,21,1
37,31,24,5,10.166666666666666,22,2
37,24,30,6,8.714285714285714,23,1
37,28,25,7,7.625,12,2
37,26,30,4,12.2,23,3
37,25,32,3,15.25,25,4
37,26,24,10,5.545454545454546,12,1
37,25,26,9,6.1,20,1
37,22,33,5,10.166666666666666,29,1
37,26,29,5,10.166666666666666,17,2
