#,Player Wins,Banker Wins,Ties,Avg Diff,Max Diff,Min Diff
38,34,25,1,30.5,31,30
38,32,23,5,10.166666666666666,31,1
38,32,19,9,6.1,13,1
38,27,27,6,8.714285714285714,29,1
38,28,28,4,12.2,24,6
38,35,19,6,8.714285714285714,18,3
38,28,28,4,12.2,36,3
38,26,29,5,10.166666666666666,26,1
38,28,25,7,7.625,17,1
38,30,27,3,15.25,28,1
