#,Player Wins,Banker Wins,Ties,Avg Diff,Max Diff,Min Diff
9,25,31,4,12.2,44,3
9,18,35,7,7.625,18,1
9,37,19,4,12.2,32,2
9,25,28,7,7.625,18,1
9,27,27,6,8.714285714285714,20,4
9,30,25,5,10.166666666666666,26,2
9,27,24,9,6.1,17,2
9,23,31,6,8.714285714285714,23,1
9,28,26,6,8.714285714285714,19,1
9,26,26,8,6.777777777777778,19,1
