#,Player Wins,Banker Wins,Ties,Avg Diff,Max Diff,Min Diff
11,24,28,8,8.428571428571429,12,2
11,24,31,5,14.0,31,1
11,22,26,12,4.363636363636363,12,1
11,20,34,6,8.4,14,2
11,25,26,9,7.125,13,2
11,28,22,10,4.888888888888889,13,1
11,24,29,7,6.0,12,2
11,27,26,7,9.666666666666666,19,3
11,28,28,4,16.666666666666668,23,13
11,29,27,4,5.0,9,3
