#,Player Wins,Banker Wins,Ties,Avg Diff,Max Diff,Min Diff
12,27,27,6,8.8,16,1
12,24,30,6,9.4,18,1
12,31,21,8,8.285714285714286,23,1
12,27,30,3,7.5,10,5
12,33,22,5,11.5,27,1
12,28,29,3,17.0,33,1
12,24,31,5,6.0,11,2
12,32,24,4,12.666666666666666,24,6
12,31,23,6,5.4,13,1
12,32,23,5,12.75,18,7
