#,Player Wins,Banker Wins,Ties,Avg Diff,Max Diff,Min Diff
27,22,37,1,30.5,56,5
27,24,30,6,8.714285714285714,30,2
27,28,25,7,7.625,18,1
27,23,34,3,15.25,45,2
27,31,26,3,15.25,28,3
27,27,25,8,6.777777777777778,12,1
27,29,23,8,6.777777777777778,26,1
27,19,34,7,7.625,20,1
27,20,34,6,8.714285714285714,11,1
27,26,32,2,20.333333333333332,23,17
