#,Player Wins,Banker Wins,Ties,Avg Diff,Max Diff,Min Diff
47,35,23,2,20.333333333333332,29,12
47,27,28,5,10.166666666666666,38,1
47,24,24,12,4.6923076923076925,15,1
47,25,30,5,10.166666666666666,31,2
47,23,29,8,6.777777777777778,14,2
47,28,25,7,7.625,18,3
47,27,27,6,8.714285714285714,28,1
47,24,29,7,7.625,12,1
47,33,24,3,15.25,24,1
47,33,21,6,8.714285714285714,28,1
