#,Player Wins,Banker Wins,Ties,Avg Diff,Max Diff,Min Diff
29,18,33,9,6.5,12,2
29,30,23,7,9.0,22,4
29,27,26,7,9.166666666666666,15,1
29,26,29,5,6.0,10,1
29,25,31,4,18.333333333333332,32,8
29,27,28,5,5.25,9,2
29,26,24,10,5.888888888888889,25,1
29,26,28,6,10.6,25,1
29,28,26,6,7.2,19,1
29,24,32,4,17.666666666666668,25,6
