#,Player Wins,Banker Wins,Ties,Avg Diff,Max Diff,Min Diff
10,26,25,9,5.875,18,1
10,35,19,6,9.6,18,4
10,26,29,5,13.25,25,2
10,30,28,2,53.0,53,53
10,25,28,7,9.333333333333334,24,1
10,27,28,5,11.0,21,2
10,29,26,5,12.25,31,2
10,24,23,13,4.833333333333333,9,1
10,26,28,6,10.4,18,1
10,29,27,4,3.0,7,1
