#,Player Wins,Banker Wins,Ties,Avg Diff,Max Diff,Min Diff
6,30,25,5,10.166666666666666,23,1
6,28,29,3,15.25,27,1
6,30,23,7,7.625,28,1
6,33,22,5,10.166666666666666,21,1
6,23,30,7,7.625,19,2
6,36,20,4,12.2,27,1
6,21,32,7,7.625,27,1
6,27,30,3,15.25,30,3
6,23,27,10,5.545454545454546,13,1
6,30,21,9,6.1,19,1
