#,Player Wins,Banker Wins,Ties,Avg Diff,Max Diff,Min Diff
50,28,26,6,8.714285714285714,26,1
50,26,32,2,20.333333333333332,23,18
50,28,27,5,10.166666666666666,22,1
50,32,23,5,10.166666666666666,28,4
50,20,32,8,6.777777777777778,23,1
50,25,30,5,10.166666666666666,34,2
50,24,31,5,10.166666666666666,24,3
50,28,24,8,6.777777777777778,22,1
50,25,24,11,5.083333333333333,8,2
50,29,22,9,6.1,15,1
