#,Player Wins,Banker Wins,Ties,Avg Diff,Max Diff,Min Diff
32,23,34,3,15.25,27,5
32,23,28,9,6.1,19,1
32,26,28,6,8.714285714285714,27,1
32,26,26,8,6.777777777777778,15,2
32,30,24,6,8.714285714285714,24,1
32,30,23,7,7.625,28,1
32,21,29,10,5.545454545454546,14,1
32,25,28,7,7.625,12,1
32,32,24,4,12.2,36,1
32,24,31,5,10.166666666666666,25,3
