#,Player Wins,Banker Wins,Ties,Avg Diff,Max Diff,Min Diff
30,25,28,7,7.625,28,1
30,30,25,5,10.166666666666666,19,1
30,30,28,2,20.333333333333332,43,6
30,22,34,4,12.2,34,3
30,25,27,8,6.777777777777778,14,1
30,26,29,5,10.166666666666666,13,6
30,26,28,6,8.714285714285714,16,3
30,28,26,6,8.714285714285714,20,1
30,28,24,8,6.777777777777778,13,2
30,29,26,5,10.166666666666666,30,1
