#,Player Wins,Banker Wins,Ties,Avg Diff,Max Diff,Min Diff
49,34,19,7,7.625,15,1
49,23,31,6,8.714285714285714,17,1
49,31,24,5,10.166666666666666,21,1
49,25,29,6,8.714285714285714,19,2
49,27,24,9,6.1,18,1
49,27,24,9,6.1,14,1
49,34,23,3,15.25,32,3
49,25,33,2,20.333333333333332,48,3
49,35,24,1,30.5,60,1
49,27,30,3,15.25,26,7
