#,Player Wins,Banker Wins,Ties,Avg Diff,Max Diff,Min Diff
2,30,24,6,6.0,14,1
2,29,27,4,14.0,22,8
2,28,29,3,19.0,23,15
2,30,21,9,6.75,16,1
2,26,29,5,10.25,29,1
2,32,21,7,8.166666666666666,18,4
2,25,23,12,4.818181818181818,8,2
2,31,22,7,7.666666666666667,17,2
2,28,30,2,36.0,36,36
2,21,28,11,4.8,11,2
