#,Player Wins,Banker Wins,Ties,Avg Diff,Max Diff,Min Diff
38,26,28,6,8.714285714285714,30,3
38,27,29,4,12.2,24,6
38,28,27,5,10.166666666666666,29,1
38,23,30,7,7.625,19,2
38,18,35,7,7.625,21,1
38,30,28,2,20.333333333333332,44,3
38,26,27,7,7.625,23,1
38,27,29,4,12.2,30,5
38,24,32,4,12.2,42,2
38,20,34,6,8.714285714285714,20,2
