#,Player Wins,Banker Wins,Ties,Avg Diff,Max Diff,Min Diff
23,31,23,6,8.714285714285714,23,1
23,29,27,4,12.2,23,5
23,28,27,5,10.166666666666666,21,3
23,21,30,9,6.1,12,1
23,24,32,4,12.2,29,2
23,27,29,4,12.2,26,1
23,21,30,9,6.1,19,1
23,33,22,5,10.166666666666666,28,2
23,29,25,6,8.714285714285714,31,2
23,24,27,9,6.1,12,1
