#,Player Wins,Banker Wins,Ties,Avg Diff,Max Diff,Min Diff
42,29,26,5,12.75,29,5
42,24,29,7,7.333333333333333,21,1
42,27,23,10,5.333333333333333,18,1
42,24,34,2,10.0,10,10
42,32,23,5,10.5,14,2
42,30,26,4,11.333333333333334,22,3
42,30,22,8,8.142857142857142,22,1
42,23,31,6,10.8,17,3
42,18,37,5,12.25,20,5
42,28,28,4,15.333333333333334,31,3
