#,Player Wins,Banker Wins,Ties,Avg Diff,Max Diff,Min Diff
34,23,28,9,6.1,11,1
34,29,23,8,6.777777777777778,22,1
34,24,30,6,8.714285714285714,30,2
34,21,33,6,8.714285714285714,28,3
34,32,24,4,12.2,21,4
34,26,30,4,12.2,35,4
34,32,22,6,8.714285714285714,25,1
34,25,29,6,8.714285714285714,16,2
34,26,22,12,4.6923076923076925,9,1
34,28,24,8,6.777777777777778,17,1
