#,Player Wins,Banker Wins,Ties,Avg Diff,Max Diff,Min Diff
6,32,21,7,7.625,21,1
6,24,25,11,5.083333333333333,12,1
6,36,20,4,12.2,20,2
6,22,34,4,12.2,23,6
6,14,40,6,8.714285714285714,18,2
6,25,27,8,6.777777777777778,15,2
6,38,21,1,30.5,44,17
6,21,32,7,7.625,15,1
6,29,26,5,10.166666666666666,25,3
6,20,34,6,8.714285714285714,15,1
