#,Player Wins,Banker Wins,Ties,Avg Diff,Max Diff,Min Diff
44,23,31,6,8.714285714285714,23,1
44,31,24,5,10.166666666666666,19,3
44,32,22,6,8.714285714285714,17,2
44,23,32,5,10.166666666666666,15,4
44,24,32,4,12.2,36,2
44,29,25,6,8.714285714285714,22,1
44,24,31,5,10.166666666666666,25,2
44,29,27,4,12.2,39,2
44,25,29,6,8.714285714285714,18,3
44,30,27,3,15.25,28,4
