#,Player Wins,Banker Wins,Ties,Avg Diff,Max Diff,Min Diff
4,23,28,9,6.1,13,1
4,26,30,4,12.2,21,3
4,27,26,7,7.625,23,2
4,29,25,6,8.714285714285714,16,1
4,25,26,9,6.1,25,1
4,22,34,4,12.2,18,8
4,28,28,4,12.2,22,4
4,25,28,7,7.625,12,3
4,33,20,7,7.625,17,3
4,28,24,8,6.777777777777778,22,1
