#,Player Wins,Banker Wins,Ties,Avg Diff,Max Diff,Min Diff
4,24,28,8,6.777777777777778,18,2
4,33,24,3,15.25,30,1
4,36,19,5,10.166666666666666,27,2
4,28,29,3,15.25,36,2
4,31,24,5,10.166666666666666,26,1
4,31,23,6,8.714285714285714,26,1
4,24,24,12,4.6923076923076925,16,1
4,30,25,5,10.166666666666666,23,1
4,29,26,5,10.166666666666666,23,3
4,30,27,3,15.25,29,3
