#,Player Wins,Banker Wins,Ties,Avg Diff,Max Diff,Min Diff
42,22,32,6,8.714285714285714,14,3
42,29,26,5,10.166666666666666,20,1
42,22,30,8,6.777777777777778,12,1
42,28,25,7,7.625,24,1
42,28,28,4,12.2,22,6
42,23,31,6,8.714285714285714,20,3
42,22,29,9,6.1,14,1
42,34,20,6,8.714285714285714,23,1
42,24,29,7,7.625,17,1
42,23,32,5,10.166666666666666,16,7
