#,Player Wins,Banker Wins,Ties,Avg Diff,Max Diff,Min Diff
37,24,21,15,3.8125,8,1
37,20,35,5,10.166666666666666,28,1
37,32,24,4,12.2,35,3
37,24,28,8,6.777777777777778,16,1
37,27,30,3,15.25,24,2
37,22,34,4,12.2,25,4
37,25,29,6,8.714285714285714,21,2
37,25,26,9,6.1,14,1
37,30,27,3,15.25,40,1
37,28,25,7,7.625,23,2
