#,Player Wins,Banker Wins,Ties,Avg Diff,Max Diff,Min Diff
38,32,26,2,20.333333333333332,22,18
38,31,20,9,6.1,12,1
38,27,30,3,15.25,27,3
38,24,31,5,10.166666666666666,23,2
38,32,22,6,8.714285714285714,17,1
38,34,23,3,15.25,37,1
38,23,31,6,8.714285714285714,21,1
38,22,35,3,15.25,27,2
38,32,24,4,12.2,24,2
38,20,34,6,8.714285714285714,15,1
