#,Player Wins,Banker Wins,Ties,Avg Diff,Max Diff,Min Diff
31,27,28,5,10.166666666666666,13,5
31,23,29,8,6.777777777777778,14,1
31,27,29,4,12.2,21,3
31,30,25,5,10.166666666666666,32,1
31,28,26,6,8.714285714285714,16,2
31,29,26,5,10.166666666666666,26,3
31,26,30,4,12.2,38,1
31,20,32,8,6.777777777777778,19,1
31,27,25,8,6.777777777777778,15,2
31,27,26,7,7.625,23,1
