#,Player Wins,Banker Wins,Ties,Avg Diff,Max Diff,Min Diff
24,31,22,7,7.625,19,2
24,28,29,3,15.25,38,3
24,31,22,7,7.625,21,2
24,25,29,6,8.714285714285714,17,2
24,24,29,7,7.625,20,1
24,25,25,10,5.545454545454546,11,1
24,28,23,9,6.1,19,1
24,26,28,6,8.714285714285714,21,1
24,32,25,3,15.25,33,1
24,27,27,6,8.714285714285714,20,1
