#,Player Wins,Banker Wins,Ties,Avg Diff,Max Diff,Min Diff
33,23,28,9,6.1,20,1
33,25,29,6,8.714285714285714,34,1
33,25,31,4,12.2,22,2
33,28,24,8,6.777777777777778,21,1
33,28,27,5,10.166666666666666,26,1
33,36,21,3,15.25,32,7
33,30,29,1,30.5,57,4
33,29,29,2,20.333333333333332,32,7
33,26,23,11,5.083333333333333,11,1
33,28,28,4,12.2,36,1
