#,Player Wins,Banker Wins,Ties,Avg Diff,Max Diff,Min Diff
34,28,31,1,30.5,43,18
34,28,25,7,7.625,24,1
34,26,30,4,12.2,18,5
34,24,26,10,5.545454545454546,13,2
34,29,29,2,20.333333333333332,27,16
34,27,26,7,7.625,29,1
34,31,22,7,7.625,17,1
34,29,26,5,10.166666666666666,30,2
34,22,32,6,8.714285714285714,14,1
34,30,21,9,6.1,15,1
