#,Player Wins,Banker Wins,Ties,Avg Diff,Max Diff,Min Diff
1,28,28,4,12.2,33,3
1,30,27,3,15.25,30,5
1,28,28,4,12.2,19,8
1,28,26,6,8.714285714285714,14,2
1,23,32,5,10.166666666666666,21,3
1,31,22,7,7.625,23,1
1,30,25,5,10.166666666666666,18,4
1,24,25,11,5.083333333333333,20,1
1,26,30,4,12.2,23,2
1,30,20,10,5.545454545454546,16,1
