#,Player Wins,Banker Wins,Ties,Avg Diff,Max Diff,Min Diff
25,25,24,11,5.1,13,1
25,25,29,6,5.6,8,3
25,19,36,5,9.75,22,3
25,26,29,5,14.5,21,9
25,31,26,3,16.0,28,4
25,25,28,7,8.166666666666666,16,2
25,26,30,4,18.666666666666668,27,13
25,35,23,2,29.0,29,29
25,27,29,4,18.666666666666668,20,17
25,26,29,5,13.0,24,8
