#,Player Wins,Banker Wins,Ties,Avg Diff,Max Diff,Min Diff
47,26,30,4,8.666666666666666,16,1
47,33,22,5,8.0,19,2
47,29,25,6,8.4,24,1
47,28,26,6,6.0,8,2
47,31,18,11,5.8,24,1
47,31,24,5,13.0,22,7
47,23,30,7,6.666666666666667,12,1
47,32,23,5,7.75,12,3
47,31,22,7,7.833333333333333,17,4
47,27,26,7,9.666666666666666,18,2
