#,Player Wins,Banker Wins,Ties,Avg Diff,Max Diff,Min Diff
23,31,27,2,20.333333333333332,32,1
23,19,34,7,7.625,24,2
23,29,26,5,10.166666666666666,25,2
23,34,24,2,20.333333333333332,45,5
23,30,25,5,10.166666666666666,33,1
23,29,26,5,10.166666666666666,24,2
23,32,24,4,12.2,20,2
23,26,29,5,10.166666666666666,20,1
23,25,31,4,12.2,20,3
23,26,27,7,7.625,17,1
