#,Player Wins,Banker Wins,Ties,Avg Diff,Max Diff,Min Diff
20,29,26,5,10.166666666666666,28,1
20,27,27,6,8.714285714285714,23,1
20,30,26,4,12.2,21,1
20,20,34,6,8.714285714285714,26,3
20,29,28,3,15.25,23,8
20,26,27,7,7.625,14,1
20,25,30,5,10.166666666666666,23,1
20,30,25,5,10.166666666666666,20,2
20,27,29,4,12.2,38,1
20,33,20,7,7.625,15,1
