#,Player Wins,Banker Wins,Ties,Avg Diff,Max Diff,Min Diff
23,24,28,8,6.777777777777778,16,1
23,28,27,5,10.166666666666666,23,2
23,23,34,3,15.25,37,5
23,27,28,5,10.166666666666666,17,2
23,22,33,5,10.166666666666666,36,1
23,27,26,7,7.625,15,1
23,27,29,4,12.2,21,3
23,27,26,7,7.625,23,2
23,34,24,2,20.333333333333332,32,5
23,31,23,6,8.714285714285714,15,1
