#,Player Wins,Banker Wins,Ties,Avg Diff,Max Diff,Min Diff
27,31,28,1,0,0,0
27,25,27,8,6.428571428571429,12,2
27,31,22,7,6.5,12,4
27,26,30,4,12.666666666666666,32,2
27,37,16,7,9.333333333333334,29,2
27,25,25,10,5.222222222222222,18,1
27,26,28,6,9.8,19,1
27,27,28,5,12.5,21,4
27,26,30,4,11.333333333333334,25,2
27,23,35,2,34.0,34,34
