#,Player Wins,Banker Wins,Ties,Avg Diff,Max Diff,Min Diff
30,26,29,5,13.75,21,2
30,24,31,5,12.25,33,2
30,32,25,3,10.5,18,3
30,20,33,7,7.5,14,2
30,27,26,7,8.666666666666666,30,3
30,26,30,4,14.333333333333334,23,2
30,27,31,2,30.0,30,30
30,29,24,7,4.333333333333333,8,1
30,22,27,11,5.6,19,1
30,33,23,4,9.666666666666666,16,3
