#,Player Wins,Banker Wins,Ties,Avg Diff,Max Diff,Min Diff
49,29,27,4,13.333333333333334,30,1
49,28,27,5,10.0,15,2
49,26,26,8,6.142857142857143,9,1
49,27,27,6,11.4,27,1
49,26,29,5,9.75,30,1
49,28,29,3,12.0,23,1
49,26,29,5,7.0,21,1
49,29,22,9,7.375,18,1
49,28,27,5,14.0,25,4
49,27,24,9,6.0,17,1
