#,Player Wins,Banker Wins,Ties,Avg Diff,Max Diff,Min Diff
32,25,29,6,8.4,15,1
32,29,24,7,8.333333333333334,25,2
32,27,30,3,15.5,29,2
32,28,27,5,8.25,13,4
32,32,23,5,12.25,18,7
32,30,28,2,22.0,22,22
32,30,26,4,10.666666666666666,22,3
32,37,16,7,9.666666666666666,23,1
32,28,23,9,4.625,10,1
32,35,23,2,4.0,4,4
