#,Player Wins,Banker Wins,Ties,Avg Diff,Max Diff,Min Diff
43,28,24,8,6.777777777777778,18,1
43,26,29,5,10.166666666666666,23,1
43,23,29,8,6.777777777777778,21,1
43,28,29,3,15.25,44,3
43,27,27,6,8.714285714285714,22,1
43,34,24,2,20.333333333333332,29,10
43,20,32,8,6.777777777777778,13,1
43,26,26,8,6.777777777777778,16,1
43,31,24,5,10.166666666666666,19,2
43,22,35,3,15.25,39,6
