#,Player Wins,Banker Wins,Ties,Avg Diff,Max Diff,Min Diff
16,35,21,4,12.2,36,2
16,30,25,5,10.166666666666666,21,3
16,26,30,4,12.2,19,8
16,31,23,6,8.714285714285714,15,2
16,23,33,4,12.2,26,3
16,25,26,9,6.1,24,2
16,32,20,8,6.777777777777778,19,1
16,33,22,5,10.166666666666666,22,1
16,30,23,7,7.625,20,1
16,28,26,6,8.714285714285714,20,3
