#,Player Wins,Banker Wins,Ties,Avg Diff,Max Diff,Min Diff
21,25,31,4,12.2,19,6
21,25,28,7,7.625,28,2
21,27,28,5,10.166666666666666,39,3
21,29,25,6,8.714285714285714,22,1
21,21,28,11,5.083333333333333,12,1
21,23,27,10,5.545454545454546,25,1
21,24,27,9,6.1,19,2
21,28,29,3,15.25,26,4
21,20,35,5,10.166666666666666,21,5
21,26,28,6,8.714285714285714,14,4
