#,Player Wins,Banker Wins,Ties,Avg Diff,Max Diff,Min Diff
17,27,29,4,12.2,28,1
17,28,30,2,20.333333333333332,39,3
17,34,25,1,30.5,55,6
17,31,22,7,7.625,22,1
17,18,36,6,8.714285714285714,19,1
17,32,22,6,8.714285714285714,16,1
17,27,27,6,8.714285714285714,20,1
17,20,35,5,10.166666666666666,24,1
17,33,26,1,30.5,34,27
17,35,24,1,30.5,42,19
