#,Player Wins,Banker Wins,Ties,Avg Diff,Max Diff,Min Diff
24,24,28,8,6.777777777777778,14,2
24,19,31,10,5.545454545454546,12,1
24,24,35,1,30.5,44,17
24,21,34,5,10.166666666666666,16,1
24,35,20,5,10.166666666666666,29,1
24,24,29,7,7.625,13,2
24,29,25,6,8.714285714285714,17,1
24,26,29,5,10.166666666666666,28,3
24,26,28,6,8.714285714285714,19,3
24,30,26,4,12.2,21,2
