#,Player Wins,Banker Wins,Ties,Avg Diff,Max Diff,Min Diff
16,25,27,8,4.285714285714286,14,1
16,22,31,7,9.166666666666666,22,2
16,27,25,8,6.714285714285714,12,3
16,33,21,6,11.4,38,1
16,24,25,11,4.9,10,1
16,30,28,2,21.0,21,21
16,28,25,7,5.0,7,2
16,26,28,6,5.8,15,2
16,26,31,3,16.0,17,15
16,29,27,4,11.333333333333334,23,4
