#,Player Wins,Banker Wins,Ties,Avg Diff,Max Diff,Min Diff
12,22,31,7,7.625,15,1
12,26,30,4,12.2,28,1
12,30,23,7,7.625,18,1
12,30,21,9,6.1,16,1
12,24,30,6,8.714285714285714,20,1
12,26,25,9,6.1,16,1
12,25,27,8,6.777777777777778,17,1
12,31,24,5,10.166666666666666,33,4
12,28,28,4,12.2,32,2
12,17,37,6,8.714285714285714,34,1
