#,Player Wins,Banker Wins,Ties,Avg Diff,Max Diff,Min Diff
5,34,22,4,10.666666666666666,19,1
5,27,27,6,6.6,20,1
5,25,31,4,17.333333333333332,38,6
5,25,32,3,19.0,28,10
5,33,23,4,14.666666666666666,22,9
5,17,35,8,6.857142857142857,17,1
5,18,36,6,6.8,18,1
5,25,25,10,5.555555555555555,17,1
5,28,31,1,0,0,0
5,29,27,4,5.0,11,1
