#,Player Wins,Banker Wins,Ties,Avg Diff,Max Diff,Min Diff
33,33,24,3,3.5,4,3
33,24,27,9,6.25,11,1
33,27,30,3,14.5,19,10
33,29,19,12,5.2727272727272725,14,1
33,24,27,9,7.125,19,1
33,17,34,9,5.75,20,2
33,27,29,4,14.666666666666666,29,1
33,27,27,6,8.0,22,1
33,25,28,7,5.666666666666667,13,1
33,31,21,8,7.0,29,1
