#,Player Wins,Banker Wins,Ties,Avg Diff,Max Diff,Min Diff
45,31,26,3,15.25,33,3
45,27,26,7,7.625,18,2
45,30,28,2,20.333333333333332,39,3
45,26,26,8,6.777777777777778,20,1
45,27,30,3,15.25,30,2
45,26,25,9,6.1,16,1
45,26,27,7,7.625,17,1
45,26,27,7,7.625,20,1
45,30,24,6,8.714285714285714,36,2
45,24,30,6,8.714285714285714,19,1
