#,Player Wins,Banker Wins,Ties,Avg Diff,Max Diff,Min Diff
31,23,30,7,5.0,14,1
31,28,26,6,7.4,16,1
31,25,27,8,7.428571428571429,17,2
31,27,26,7,8.0,32,1
31,25,28,7,8.833333333333334,26,2
31,19,33,8,2.7142857142857144,5,1
31,25,28,7,6.666666666666667,14,1
31,22,31,7,8.333333333333334,20,2
31,26,27,7,8.333333333333334,22,2
31,27,28,5,12.25,41,1
