#,Player Wins,Banker Wins,Ties,Avg Diff,Max Diff,Min Diff
47,23,27,10,5.333333333333333,15,1
47,30,22,8,6.571428571428571,15,1
47,27,27,6,8.0,22,3
47,24,29,7,6.666666666666667,25,1
47,26,29,5,11.5,17,4
47,22,30,8,5.0,14,1
47,25,27,8,6.0,11,1
47,37,21,2,20.0,20,20
47,35,21,4,15.666666666666666,33,5
47,28,29,3,16.5,20,13
