#,Player Wins,Banker Wins,Ties,Avg Diff,Max Diff,Min Diff
48,27,28,5,14.5,33,2
48,28,28,4,13.0,34,1
48,28,25,7,5.166666666666667,11,1
48,20,32,8,6.142857142857143,14,1
48,26,30,4,8.0,10,5
48,31,28,1,0,0,0
48,27,29,4,6.0,11,2
48,25,26,9,7.25,26,1
48,23,32,5,8.5,14,3
48,20,30,10,5.0,12,1
