#,Player Wins,Banker Wins,Ties,Avg Diff,Max Diff,Min Diff
50,27,29,4,12.2,37,2
50,32,22,6,8.714285714285714,21,2
50,21,30,9,6.1,9,2
50,27,27,6,8.714285714285714,23,3
50,24,28,8,6.777777777777778,14,1
50,25,26,9,6.1,22,1
50,29,28,3,15.25,21,2
50,21,34,5,10.166666666666666,35,1
50,24,25,11,5.083333333333333,10,1
50,26,31,3,15.25,41,3
