#,Player Wins,Banker Wins,Ties,Avg Diff,Max Diff,Min Diff
36,28,20,12,4.6923076923076925,19,1
36,31,22,7,7.625,24,1
36,30,25,5,10.166666666666666,29,3
36,27,26,7,7.625,25,1
36,26,26,8,6.777777777777778,15,1
36,31,27,2,20.333333333333332,33,12
36,24,33,3,15.25,34,2
36,27,26,7,7.625,26,1
36,20,34,6,8.714285714285714,19,2
36,24,25,11,5.083333333333333,15,1
