#,Player Wins,Banker Wins,Ties,Avg Diff,Max Diff,Min Diff
2,29,27,4,12.2,24,1
2,28,25,7,7.625,21,1
2,30,24,6,8.714285714285714,22,2
2,24,29,7,7.625,16,3
2,26,25,9,6.1,18,2
2,34,22,4,12.2,22,1
2,38,19,3,15.25,38,4
2,28,23,9,6.1,21,1
2,30,25,5,10.166666666666666,17,3
2,23,29,8,6.777777777777778,13,2
