#,Player Wins,Banker Wins,Ties,Avg Diff,Max Diff,Min Diff
7,30,22,8,6.777777777777778,21,2
7,30,19,11,5.083333333333333,22,1
7,27,26,7,7.625,17,1
7,25,30,5,10.166666666666666,19,4
7,24,28,8,6.777777777777778,15,2
7,32,25,3,15.25,24,5
7,27,26,7,7.625,32,1
7,26,27,7,7.625,21,1
7,25,30,5,10.166666666666666,20,1
7,31,23,6,8.714285714285714,28,2
