#,Player Wins,Banker Wins,Ties,Avg Diff,Max Diff,Min Diff
43,24,25,11,5.083333333333333,15,1
43,28,26,6,8.714285714285714,36,1
43,21,31,8,6.777777777777778,17,1
43,28,27,5,10.166666666666666,40,2
43,30,25,5,10.166666666666666,20,2
43,24,31,5,10.166666666666666,24,1
43,31,21,8,6.777777777777778,12,1
43,32,23,5,10.166666666666666,20,4
43,39,20,1,30.5,35,26
43,26,28,6,8.714285714285714,30,1
