#,Player Wins,Banker Wins,Ties,Avg Diff,Max Diff,Min Diff
27,26,26,8,6.777777777777778,18,1
27,28,29,3,15.25,30,1
27,20,34,6,8.714285714285714,21,3
27,28,26,6,8.714285714285714,17,3
27,25,31,4,12.2,46,2
27,26,29,5,10.166666666666666,26,2
27,25,27,8,6.777777777777778,14,1
27,32,25,3,15.25,39,3
27,22,33,5,10.166666666666666,21,2
27,22,32,6,8.714285714285714,27,2
