#,Player Wins,Banker Wins,Ties,Avg Diff,Max Diff,Min Diff
38,31,22,7,7.625,21,1
38,25,28,7,7.625,17,1
38,23,32,5,10.166666666666666,24,1
38,29,26,5,10.166666666666666,25,1
38,28,26,6,8.714285714285714,16,2
38,24,31,5,10.166666666666666,21,1
38,26,26,8,6.777777777777778,14,2
38,30,23,7,7.625,16,2
38,37,22,1,30.5,46,15
38,28,30,2,20.333333333333332,33,5
