#,Player Wins,Banker Wins,Ties,Avg Diff,Max Diff,Min Diff
28,28,25,7,8.666666666666666,18,3
28,28,26,6,6.4,11,1
28,27,24,9,6.25,19,1
28,21,32,7,9.5,36,2
28,29,28,3,16.0,20,12
28,26,28,6,10.6,18,1
28,24,30,6,7.6,16,1
28,34,22,4,13.0,22,4
28,29,26,5,13.0,31,4
28,25,28,7,8.833333333333334,19,3
