#,Player Wins,Banker Wins,Ties,Avg Diff,Max Diff,Min Diff
9,25,29,6,8.714285714285714,16,2
9,27,29,4,12.2,21,2
9,25,27,8,6.777777777777778,18,1
9,32,23,5,10.166666666666666,26,2
9,33,23,4,12.2,20,2
9,32,26,2,20.333333333333332,40,9
9,29,29,2,20.333333333333332,39,7
9,26,28,6,8.714285714285714,38,1
9,18,33,9,6.1,14,2
9,28,23,9,6.1,14,1
