#,Player Wins,Banker Wins,Ties,Avg Diff,Max Diff,Min Diff
27,32,24,4,12.2,19,4
27,27,27,6,8.714285714285714,26,1
27,22,30,8,6.777777777777778,17,1
27,28,25,7,7.625,14,2
27,23,28,9,6.1,13,2
27,33,23,4,12.2,39,1
27,24,31,5,10.166666666666666,22,2
27,27,25,8,6.777777777777778,22,1
27,25,28,7,7.625,18,1
27,28,29,3,15.25,20,6
