#,Player Wins,Banker Wins,Ties,Avg Diff,Max Diff,Min Diff
39,32,22,6,10.2,19,1
39,26,31,3,9.0,17,1
39,28,26,6,5.6,12,1
39,29,29,2,21.0,21,21
39,28,26,6,10.6,18,5
39,28,25,7,8.0,22,1
39,20,31,9,5.375,15,1
39,25,27,8,6.857142857142857,14,1
39,28,26,6,9.4,18,4
39,27,25,8,4.285714285714286,11,2
