#,Player Wins,Banker Wins,Ties,Avg Diff,Max Diff,Min Diff
36,30,23,7,7.166666666666667,21,2
36,29,25,6,10.6,17,2
36,20,30,10,5.555555555555555,11,1
36,28,24,8,7.428571428571429,13,2
36,22,29,9,6.5,15,1
36,31,25,4,10.0,26,1
36,31,25,4,5.666666666666667,9,3
36,27,25,8,7.0,16,1
36,32,20,8,6.285714285714286,11,2
36,16,33,11,4.2,13,1
