#,Player Wins,Banker Wins,Ties,Avg Diff,Max Diff,Min Diff
26,22,36,2,20.333333333333332,39,7
26,29,27,4,12.2,32,3
26,25,28,7,7.625,19,3
26,25,31,4,12.2,37,2
26,23,32,5,10.166666666666666,25,3
26,26,27,7,7.625,22,1
26,26,27,7,7.625,23,2
26,27,29,4,12.2,33,1
26,25,30,5,10.166666666666666,26,1
26,23,35,2,20.333333333333332,43,6
