#,Player Wins,Banker Wins,Ties,Avg Diff,Max Diff,Min Diff
40,28,29,3,25.0,28,22
40,19,30,11,5.6,14,1
40,30,26,4,7.333333333333333,10,6
40,25,31,4,7.0,11,2
40,22,30,8,7.857142857142857,24,3
40,24,27,9,5.25,15,1
40,29,24,7,8.333333333333334,26,1
40,25,30,5,10.0,18,4
40,22,32,6,10.2,15,7
40,30,24,6,10.8,18,1
