#,Player Wins,Banker Wins,Ties,Avg Diff,Max Diff,Min Diff
9,21,36,3,15.25,46,3
9,28,28,4,12.2,45,1
9,25,29,6,8.714285714285714,22,2
9,25,33,2,20.333333333333332,34,11
9,29,25,6,8.714285714285714,25,1
9,24,31,5,10.166666666666666,20,5
9,24,31,5,10.166666666666666,23,1
9,18,34,8,6.777777777777778,30,1
9,25,25,10,5.545454545454546,12,1
9,25,29,6,8.714285714285714,23,1
