#,Player Wins,Banker Wins,Ties,Avg Diff,Max Diff,Min Diff
16,26,29,5,4.5,8,1
16,28,28,4,14.0,25,4
16,29,28,3,15.5,19,12
16,30,26,4,14.666666666666666,27,5
16,27,23,10,4.888888888888889,14,1
16,29,30,1,0,0,0
16,30,25,5,11.25,20,5
16,29,27,4,17.333333333333332,22,9
16,23,27,10,6.0,11,1
16,30,22,8,7.285714285714286,12,3
