#,Player Wins,Banker Wins,Ties,Avg Diff,Max Diff,Min Diff
7,24,30,6,8.714285714285714,28,1
7,29,27,4,12.2,27,3
7,28,25,7,7.625,12,3
7,23,30,7,7.625,12,1
7,27,28,5,10.166666666666666,26,1
7,26,31,3,15.25,44,4
7,15,35,10,5.545454545454546,14,1
7,26,28,6,8.714285714285714,25,1
7,34,24,2,20.333333333333332,47,6
7,25,30,5,10.166666666666666,22,3
