#,Player Wins,Banker Wins,Ties,Avg Diff,Max Diff,Min Diff
28,21,34,5,10.166666666666666,37,1
28,26,30,4,12.2,37,4
28,33,23,4,12.2,24,4
28,31,25,4,12.2,19,3
28,24,29,7,7.625,18,2
28,27,27,6,8.714285714285714,16,1
28,26,27,7,7.625,15,2
28,23,32,5,10.166666666666666,28,1
28,29,27,4,12.2,23,2
28,24,26,10,5.545454545454546,18,1
