#,Player Wins,Banker Wins,Ties,Avg Diff,Max Diff,Min Diff
27,30,22,8,6.777777777777778,13,3
27,29,29,2,20.333333333333332,33,5
27,33,22,5,10.166666666666666,20,2
27,26,27,7,7.625,21,1
27,33,23,4,12.2,24,3
27,34,21,5,10.166666666666666,33,1
27,33,21,6,8.714285714285714,29,2
27,21,32,7,7.625,20,1
27,24,32,4,12.2,36,3
27,26,30,4,12.2,34,2
