#,Player Wins,Banker Wins,Ties,Avg Diff,Max Diff,Min Diff
25,22,27,11,5.083333333333333,15,1
25,29,22,9,6.1,22,1
25,27,28,5,10.166666666666666,16,2
25,22,35,3,15.25,28,9
25,33,20,7,7.625,18,3
25,20,33,7,7.625,25,1
25,30,23,7,7.625,18,1
25,26,28,6,8.714285714285714,14,3
25,36,22,2,20.333333333333332,30,3
25,26,33,1,30.5,56,5
