#,Player Wins,Banker Wins,Ties,Avg Diff,Max Diff,Min Diff
1,33,23,4,18.333333333333332,39,5
1,33,22,5,8.0,17,2
1,26,28,6,9.6,24,3
1,31,24,5,11.75,25,1
1,29,25,6,3.8,8,1
1,29,27,4,11.666666666666666,17,4
1,30,24,6,7.8,15,1
1,25,30,5,13.75,34,3
1,23,33,4,11.0,20,3
1,21,36,3,24.5,27,22
