#,Player Wins,Banker Wins,Ties,Avg Diff,Max Diff,Min Diff
16,28,26,6,11.2,22,2
16,27,29,4,13.333333333333334,23,2
16,27,28,5,11.0,17,2
16,30,25,5,11.25,17,7
16,31,25,4,17.666666666666668,29,2
16,24,31,5,10.75,16,4
16,28,27,5,6.75,10,2
16,23,32,5,14.25,27,1
16,31,26,3,21.0,35,7
16,23,30,7,7.666666666666667,13,1
