#,Player Wins,Banker Wins,Ties,Avg Diff,Max Diff,Min Diff
29,31,24,5,10.166666666666666,18,2
29,27,27,6,8.714285714285714,21,4
29,20,32,8,6.777777777777778,17,1
29,28,25,7,7.625,20,1
29,25,30,5,10.166666666666666,20,1
29,21,32,7,7.625,21,1
29,26,28,6,8.714285714285714,23,4
29,21,36,3,15.25,20,9
29,24,32,4,12.2,25,5
29,24,29,7,7.625,16,1
