#,Player Wins,Banker Wins,Ties,Avg Diff,Max Diff,Min Diff
35,26,28,6,8.714285714285714,18,1
35,25,31,4,12.2,30,2
35,26,28,6,8.714285714285714,21,2
35,27,30,3,15.25,31,6
35,28,25,7,7.625,15,2
35,26,27,7,7.625,20,1
35,30,23,7,7.625,18,2
35,29,28,3,15.25,21,10
35,34,22,4,12.2,21,5
35,30,25,5,10.166666666666666,22,1
