#,Player Wins,Banker Wins,Ties,Avg Diff,Max Diff,Min Diff
24,27,32,1,30.5,59,2
24,22,34,4,12.2,26,4
24,25,31,4,12.2,30,4
24,31,24,5,10.166666666666666,21,1
24,32,26,2,20.333333333333332,32,6
24,21,33,6,8.714285714285714,14,1
24,23,28,9,6.1,12,2
24,29,25,6,8.714285714285714,24,1
24,28,28,4,12.2,18,4
24,34,21,5,10.166666666666666,15,1
