#,Player Wins,Banker Wins,Ties,Avg Diff,Max Diff,Min Diff
38,28,28,4,14.333333333333334,22,6
38,22,32,6,9.0,16,1
38,29,24,7,4.0,5,2
38,29,27,4,8.666666666666666,16,3
38,31,24,5,13.0,19,9
38,28,29,3,12.5,16,9
38,29,25,6,9.0,11,7
38,28,26,6,5.6,10,2
38,23,30,7,6.0,9,4
38,28,28,4,15.0,29,4
