#,Player Wins,Banker Wins,Ties,Avg Diff,Max Diff,Min Diff
21,29,26,5,10.75,20,3
21,30,25,5,10.0,14,6
21,24,30,6,10.2,25,2
21,24,32,4,5.0,13,1
21,28,28,4,6.666666666666667,9,4
21,32,23,5,7.5,17,4
21,26,27,7,9.333333333333334,20,1
21,33,21,6,9.8,22,1
21,30,22,8,6.0,12,3
21,27,25,8,6.857142857142857,19,1
