#,Player Wins,Banker Wins,Ties,Avg Diff,Max Diff,Min Diff
39,26,30,4,9.0,18,4
39,35,18,7,7.833333333333333,13,2
39,27,30,3,15.5,25,6
39,28,28,4,13.0,26,3
39,30,24,6,10.4,28,2
39,22,32,6,10.8,22,2
39,23,33,4,7.666666666666667,10,3
39,27,26,7,8.0,15,1
39,28,26,6,5.8,9,1
39,23,30,7,4.5,7,2
