#,Player Wins,Banker Wins,Ties,Avg Diff,Max Diff,Min Diff
49,22,24,14,4.384615384615385,12,1
49,23,31,6,10.6,28,1
49,22,34,4,6.666666666666667,8,5
49,19,39,2,29.0,29,29
49,27,25,8,8.285714285714286,21,2
49,31,28,1,0,0,0
49,30,24,6,9.6,28,1
49,27,25,8,6.857142857142857,10,2
49,22,29,9,6.125,11,1
49,29,28,3,16.0,27,5
