#,Player Wins,Banker Wins,Ties,Avg Diff,Max Diff,Min Diff
14,29,29,2,20.333333333333332,43,9
14,33,24,3,15.25,38,2
14,22,30,8,6.777777777777778,27,2
14,29,23,8,6.777777777777778,18,1
14,21,35,4,12.2,18,8
14,25,28,7,7.625,21,1
14,24,27,9,6.1,22,1
14,27,25,8,6.777777777777778,12,3
14,30,22,8,6.777777777777778,30,2
14,24,28,8,6.777777777777778,19,2
