#,Player Wins,Banker Wins,Ties,Avg Diff,Max Diff,Min Diff
4,32,23,5,10.166666666666666,22,1
4,19,35,6,8.714285714285714,22,2
4,31,26,3,15.25,44,1
4,29,20,11,5.083333333333333,11,1
4,27,25,8,6.777777777777778,26,1
4,24,29,7,7.625,22,1
4,26,30,4,12.2,37,2
4,24,26,10,5.545454545454546,19,1
4,29,30,1,30.5,35,26
4,20,31,9,6.1,24,1
