#,Player Wins,Banker Wins,Ties,Avg Diff,Max Diff,Min Diff
35,21,34,5,10.166666666666666,29,1
35,29,22,9,6.1,15,1
35,31,23,6,8.714285714285714,25,1
35,30,23,7,7.625,18,1
35,28,24,8,6.777777777777778,22,1
35,25,27,8,6.777777777777778,16,1
35,26,28,6,8.714285714285714,22,1
35,21,30,9,6.1,20,2
35,32,22,6,8.714285714285714,24,1
35,35,21,4,12.2,21,2
