#,Player Wins,Banker Wins,Ties,Avg Diff,Max Diff,Min Diff
10,33,23,4,12.2,21,2
10,26,29,5,10.166666666666666,21,1
10,25,29,6,8.714285714285714,19,1
10,21,30,9,6.1,12,1
10,27,24,9,6.1,16,1
10,35,22,3,15.25,20,9
10,30,20,10,5.545454545454546,16,1
10,26,30,4,12.2,33,1
10,29,26,5,10.166666666666666,18,4
10,23,29,8,6.777777777777778,18,2
