#,Player Wins,Banker Wins,Ties,Avg Diff,Max Diff,Min Diff
34,23,28,9,6.625,15,2
34,31,24,5,7.0,13,2
34,29,27,4,13.666666666666666,31,1
34,28,19,13,4.25,17,1
34,25,30,5,11.75,17,2
34,35,19,6,10.4,25,1
34,30,25,5,7.0,18,3
34,37,19,4,11.333333333333334,19,7
34,29,25,6,10.8,20,1
34,24,31,5,11.25,22,2
