#,Player Wins,Banker Wins,Ties,Avg Diff,Max Diff,Min Diff
46,28,25,7,7.625,22,1
46,29,25,6,8.714285714285714,34,1
46,24,33,3,15.25,26,6
46,28,25,7,7.625,17,4
46,28,29,3,15.25,24,5
46,24,31,5,10.166666666666666,35,2
46,26,25,9,6.1,15,1
46,32,27,1,30.5,36,25
46,30,26,4,12.2,38,1
46,29,25,6,8.714285714285714,17,3
