#,Player Wins,Banker Wins,Ties,Avg Diff,Max Diff,Min Diff
42,25,29,6,8.8,23,1
42,28,28,4,11.666666666666666,22,4
42,27,22,11,5.4,12,1
42,25,28,7,7.166666666666667,18,1
42,22,29,9,5.125,11,1
42,27,25,8,6.0,14,1
42,33,21,6,6.6,10,1
42,23,27,10,3.7777777777777777,8,1
42,24,31,5,6.5,9,3
42,26,26,8,6.428571428571429,15,1
