#,Player Wins,Banker Wins,Ties,Avg Diff,Max Diff,Min Diff
31,28,26,6,8.714285714285714,22,3
31,27,27,6,8.714285714285714,19,3
31,29,27,4,12.2,29,1
31,30,23,7,7.625,19,1
31,21,34,5,10.166666666666666,17,3
31,29,26,5,10.166666666666666,21,3
31,31,21,8,6.777777777777778,17,1
31,19,35,6,8.714285714285714,17,2
31,31,23,6,8.714285714285714,14,3
31,24,31,5,10.166666666666666,24,2
