#,Player Wins,Banker Wins,Ties,Avg Diff,Max Diff,Min Diff
45,24,30,6,8.714285714285714,22,2
45,26,30,4,12.2,25,1
45,19,35,6,8.714285714285714,18,2
45,25,34,1,30.5,50,11
45,30,26,4,12.2,44,1
45,23,31,6,8.714285714285714,26,2
45,29,24,7,7.625,17,1
45,28,25,7,7.625,15,2
45,23,33,4,12.2,22,3
45,30,23,7,7.625,25,1
