#,Player Wins,Banker Wins,Ties,Avg Diff,Max Diff,Min Diff
42,22,38,0,61.0,61,61
42,20,30,10,5.545454545454546,14,1
42,33,24,3,15.25,25,5
42,22,30,8,6.777777777777778,31,1
42,27,25,8,6.777777777777778,13,1
42,22,30,8,6.777777777777778,24,1
42,22,33,5,10.166666666666666,17,5
42,31,23,6,8.714285714285714,22,1
42,30,26,4,12.2,32,2
42,23,29,8,6.777777777777778,18,1
