#,Player Wins,Banker Wins,Ties,Avg Diff,Max Diff,Min Diff
37,27,29,4,12.2,29,2
37,26,30,4,12.2,24,2
37,22,30,8,6.777777777777778,18,1
37,29,25,6,8.714285714285714,24,3
37,30,24,6,8.714285714285714,17,2
37,31,22,7,7.625,16,1
37,24,29,7,7.625,27,1
37,24,27,9,6.1,13,1
37,30,27,3,15.25,53,1
37,22,33,5,10.166666666666666,36,2
